,10,100,101,1013,1014,102,1031,1041,1043,1044,105,1053,1056,106,107,11,110,111,112,1121,1122,1123,1124,1125,113,114,115,116,12,120,121,122,1231,1233,124,1241,1243,1244,1246,125,127,128,129,13,130,131,1312,1313,1322,133,134,138,1382,1383,1384,139,14,140,141,1411,142,143,144,145,15,150,151,152,153,154,16,160,161,162,163,164,166,17,170,171,1711,1712,172,1721,1722,1723,1724,173,174,175,18,180,181,182,1821,1822,1823,183,1831,1832,186,19,190,191,192,193,194,195,196,20,202,203,21,211,212,213,214,22,23,231,232,233,234,24,241,243,25,253,256,26,27,28,30,31,311,312,32,33,331,332,333,334,34,35,353,356,36,37,38,39,40,41,42,43,44,45,46,50,51,52,53,54,55,56,57,60,61,62,63,64,70,71,72,73,74,75,80,81,811,812,813,82,83,831,833,834,84,841,842,85,86,861,862,863,87,871,872,873,874,90,91,92,93,94
nan,7425.0,993.0,16.0,2.0,54.0,4.0,1.0,35.0,36.0,6.0,1.0,26.0,24.0,7.0,5.0,244.0,1570.0,1990.0,1942.0,36.0,18.0,65.0,65.0,,22.0,519.0,90.0,1.0,1613.0,1798.0,6.0,25.0,6.0,1.0,66.0,23.0,38.0,9.0,13.0,149.0,20.0,154.0,106.0,1590.0,961.0,26.0,2.0,5.0,2.0,12.0,22.0,193.0,6.0,19.0,14.0,55.0,778.0,62.0,537.0,7.0,10.0,49.0,15.0,115.0,357.0,69.0,13.0,15.0,62.0,149.0,316.0,426.0,81.0,23.0,80.0,47.0,19.0,671.0,91.0,64.0,21.0,151.0,907.0,98.0,6.0,46.0,11.0,3341.0,106.0,84.0,156.0,760.0,175.0,263.0,138.0,94.0,68.0,25.0,33.0,8.0,89.0,7.0,4280.0,91.0,445.0,1804.0,48.0,71.0,6.0,6071.0,8.0,9.0,5.0,12.0,2.0,7.0,128.0,105.0,178.0,125.0,4.0,28.0,65.0,4.0,32.0,1.0,139.0,21.0,31.0,229.0,37.0,15.0,1265.0,211.0,104.0,13.0,55.0,182.0,77.0,51.0,40.0,8.0,7.0,104.0,86.0,106.0,3210.0,45.0,4.0,15.0,3885.0,102.0,6250.0,5681.0,34.0,140.0,2070.0,659.0,5832.0,59.0,23.0,41.0,94.0,33.0,586.0,1222.0,332.0,109.0,17.0,60.0,938.0,1461.0,185.0,475.0,12.0,48.0,1124.0,256.0,,1.0,1.0,16.0,33.0,312.0,32.0,10.0,867.0,597.0,20.0,18.0,11.0,1.0,8.0,3.0,41.0,62.0,1.0,5.0,527.0,2015.0,70.0,2.0,3.0,4.0
USA,1758.0,191.0,3.0,,9.0,,,,5.0,2.0,,5.0,5.0,2.0,1.0,105.0,409.0,406.0,611.0,11.0,26.0,13.0,14.0,2.0,2.0,99.0,35.0,,334.0,504.0,2.0,4.0,,,40.0,4.0,16.0,10.0,4.0,40.0,5.0,21.0,39.0,684.0,238.0,1.0,,,,1.0,6.0,58.0,,8.0,6.0,11.0,192.0,9.0,74.0,,1.0,11.0,3.0,2.0,122.0,18.0,2.0,1.0,2.0,13.0,68.0,127.0,31.0,9.0,29.0,19.0,7.0,144.0,4.0,17.0,9.0,47.0,207.0,25.0,1.0,19.0,,1240.0,15.0,3.0,15.0,245.0,54.0,76.0,47.0,6.0,15.0,3.0,,5.0,33.0,3.0,1104.0,11.0,119.0,687.0,9.0,13.0,,1516.0,4.0,1.0,,3.0,,1.0,27.0,12.0,23.0,41.0,1.0,,18.0,,6.0,,24.0,2.0,9.0,50.0,10.0,6.0,338.0,50.0,18.0,2.0,21.0,56.0,13.0,5.0,3.0,5.0,,27.0,18.0,56.0,905.0,3.0,2.0,2.0,1093.0,40.0,2132.0,2012.0,13.0,43.0,721.0,224.0,1709.0,29.0,11.0,32.0,26.0,6.0,196.0,343.0,95.0,29.0,7.0,11.0,294.0,463.0,43.0,99.0,3.0,28.0,254.0,102.0,,,,,2.0,75.0,3.0,2.0,335.0,89.0,1.0,6.0,7.0,,3.0,,27.0,7.0,1.0,,290.0,602.0,14.0,,,
CAN,164.0,10.0,,,,,,,,,,,,,,2.0,35.0,18.0,12.0,,,,,,,10.0,,,24.0,30.0,,,,,2.0,1.0,,,,,,2.0,,19.0,38.0,,1.0,,,,,1.0,,40.0,,1.0,26.0,4.0,1.0,,,,,,3.0,,,,,5.0,,3.0,3.0,,,,2.0,27.0,,1.0,,,9.0,,,,,99.0,,4.0,9.0,7.0,1.0,4.0,1.0,,,,,,,,46.0,,9.0,24.0,,,,95.0,,,,,,,3.0,4.0,6.0,2.0,,,,,,,,,,11.0,2.0,6.0,36.0,,5.0,,2.0,,1.0,,,,,2.0,,,94.0,,,,94.0,,162.0,157.0,,2.0,108.0,10.0,204.0,,,,4.0,,11.0,23.0,10.0,,,,29.0,16.0,,3.0,,2.0,9.0,8.0,,,,,,2.0,,,25.0,5.0,,,,,,,,,,,2.0,52.0,,,,
BFA,2.0,,,,,,,,,,,,,,,,,,,,,,,,,,,,,,,,,,,,,,,,,,,,,,,,,,,,,,,,,,,,,,,,,,,,,,,,,,,,,,,,,,,,,,5.0,,,,,1.0,,,,,,,,,,,8.0,,,,,,,6.0,,,,,,,,,,,,,,,,,,,,,,,2.0,,,,,,,,,,,,,,,,,,,,26.0,27.0,,,,4.0,7.0,,,4.0,,,,,,,,,,,,,,,,,,,,,,,,,,,,,,,,,,,,,,,,,,
CHN,223.0,35.0,,,,1.0,,,,,,3.0,,,,7.0,50.0,38.0,62.0,,,,,,1.0,4.0,,,52.0,55.0,,,,,1.0,,1.0,,1.0,,,1.0,2.0,53.0,64.0,,1.0,,,,,5.0,,,,2.0,26.0,2.0,21.0,,,,,7.0,10.0,2.0,,2.0,6.0,5.0,3.0,20.0,4.0,,5.0,2.0,,40.0,10.0,,,3.0,32.0,11.0,,,,85.0,3.0,1.0,,8.0,,,10.0,2.0,1.0,,,,3.0,,42.0,,8.0,2.0,,,,172.0,2.0,1.0,,3.0,,,,,7.0,,,,,,,,3.0,,3.0,8.0,,,66.0,15.0,24.0,,5.0,13.0,2.0,12.0,,1.0,,3.0,1.0,2.0,76.0,22.0,,,113.0,21.0,229.0,207.0,4.0,4.0,82.0,66.0,177.0,,,43.0,3.0,,42.0,17.0,75.0,8.0,,,28.0,27.0,16.0,2.0,,,42.0,,,,,,,,,,14.0,17.0,,,,,,,2.0,,,,21.0,30.0,2.0,,,
SDN,11.0,4.0,,,22.0,1.0,,,,,,,,,,,2.0,,12.0,,,,,,,2.0,,,,2.0,,,,,,,,,,,,,,,1.0,,,,,,,,,,,,,3.0,24.0,1.0,,,,6.0,,,,,,2.0,,2.0,2.0,,,,,8.0,1.0,2.0,,,,,,,,7.0,,8.0,,8.0,,4.0,,,,,,,,,6.0,,,1.0,,,,16.0,,,,,,,9.0,1.0,,,,,,,,,3.0,,,,1.0,,2.0,,7.0,,,,,,,,,,1.0,,,,,,32.0,,23.0,23.0,,,13.0,2.0,16.0,,,,,,,2.0,2.0,6.0,,,,,2.0,5.0,,,,,5.0,,,2.0,,6.0,,,1.0,1.0,,,,,,,,,,,1.0,17.0,,,,
BHS,5.0,,,,,,,,,,,,,,,,4.0,1.0,2.0,,,1.0,,,,,,,2.0,3.0,,,,,,,,,,,,,,1.0,4.0,,,,,,,,,,,,,,,,,,,,2.0,,,,,,,3.0,,,,,,,,3.0,,,,,,,,14.0,,,,,,,,,,,,,,,9.0,,,5.0,,,,13.0,,,,,,,,,,,,,,,,,,,,,,,,,,,,,,,,,,,,,4.0,,,,,2.0,14.0,13.0,,,2.0,,6.0,,,,,,,8.0,,,,,,,,,,,1.0,,,,,,,,,,,,,,,,,,,,,,,,,,,
HTI,4.0,,,,,,,,,,,,,,,,,,1.0,,,,,,,,,,,,,,,,,,,,,,,,,,,,,,,,,,,,,,1.0,,,,,,,,,,,,,,,,,,,,,3.0,,,,,,,,,,15.0,4.0,,,4.0,,,,,,,,,,,5.0,,,,,,,10.0,,,,,,2.0,,,,,,,,,,,,,,,,,,,,,,,,,,,,,,,5.0,,,,,,13.0,13.0,,,6.0,,8.0,,,,,,4.0,2.0,,,8.0,,2.0,,,,,,3.0,,,,,,,,,,,,,,,,,,,,,,,,,,,
ARG,4.0,4.0,,,,,,,,,,,,,,,,,,,,4.0,,,,2.0,,,,,,,,,,,,,,,,,,,,,,,,,,,,,,,,,2.0,,,,,,1.0,,,,,,,1.0,,,,8.0,,1.0,,,,,,,,,,27.0,,,,,,3.0,,,,,,,,,5.0,,,4.0,,,,11.0,,,,,,,,,,1.0,,,,,,,,,,2.0,,1.0,,,,,,,,,,,,,,,3.0,,,,29.0,6.0,17.0,17.0,,,12.0,15.0,21.0,,,,,,6.0,,1.0,,,,,,,,,,,,,,,,,,,,,,,,,,,,,,,,,2.0,,,,
AUS,135.0,28.0,,,,,,,,,,,,,,4.0,32.0,17.0,38.0,,,2.0,,,,5.0,,,30.0,31.0,,,,,,,1.0,,,,,2.0,,48.0,16.0,,,,,,,5.0,,,,,10.0,,16.0,,,,,,7.0,3.0,,,,,5.0,9.0,5.0,,,1.0,,9.0,,2.0,,,18.0,,,1.0,,61.0,4.0,,1.0,40.0,,6.0,3.0,,15.0,,3.0,,,,105.0,4.0,5.0,23.0,,2.0,,88.0,,,,,,,1.0,,1.0,1.0,,,2.0,,1.0,,1.0,,,1.0,1.0,,11.0,5.0,,,1.0,1.0,,,,,,5.0,,,53.0,14.0,,1.0,33.0,4.0,176.0,159.0,3.0,2.0,20.0,3.0,204.0,1.0,,,2.0,,14.0,15.0,10.0,2.0,,3.0,14.0,12.0,,19.0,,1.0,7.0,,,,,,,1.0,,,7.0,15.0,1.0,,,,,,,,,,6.0,31.0,,,,
BEL,15.0,,,,,,,,,,,,,,,,7.0,6.0,3.0,,,,,,,,,,8.0,4.0,,,,,,,,,,,,3.0,,7.0,1.0,,1.0,,,,,,,,,,2.0,,2.0,,,,,,,,,,,,1.0,1.0,,,1.0,,,,,,,,5.0,,,,,10.0,,,,1.0,,1.0,,,,,,,,,13.0,,,10.0,,,,12.0,,,,,,,,,,1.0,,,,,,,1.0,,,,,,1.0,,,,,,,,,,,,,,,,,,13.0,,24.0,23.0,,,8.0,1.0,29.0,,,,,,2.0,1.0,,,,,3.0,1.0,,,,,4.0,,,,,,,2.0,,,1.0,,,,,,,,,,,,5.0,6.0,,,,
BRA,94.0,12.0,,,,,,,,,,,,,,1.0,5.0,27.0,12.0,,,,,,1.0,3.0,,,4.0,4.0,,,,,,,,,,,,,,21.0,32.0,,1.0,,,,,6.0,,,4.0,,1.0,,9.0,,,1.0,,,,,,,5.0,,,22.0,,,10.0,,,44.0,,,,,5.0,,,,,14.0,,,2.0,6.0,,,4.0,,,,,,,,19.0,,4.0,10.0,,,,33.0,,,,,,,,,,,,,,,,,7.0,7.0,,8.0,,4.0,22.0,3.0,,,,,3.0,,,5.0,,,,1.0,66.0,,,,108.0,,150.0,132.0,3.0,2.0,75.0,1.0,82.0,1.0,,,,,6.0,10.0,6.0,,,,14.0,4.0,1.0,,,,4.0,,,,,,1.0,,,,3.0,8.0,,,,,,,5.0,,,,33.0,,13.0,,,
DEU,92.0,16.0,2.0,,,,,,,,,,,,,3.0,11.0,21.0,7.0,,,,3.0,,1.0,,5.0,,3.0,17.0,,,,,,,,,,,,,,15.0,6.0,,,,,,1.0,9.0,,,,,4.0,,4.0,,,,,4.0,4.0,3.0,,,,5.0,1.0,5.0,2.0,3.0,,,2.0,9.0,2.0,,,,19.0,,,,,54.0,,,,5.0,2.0,4.0,1.0,,,,,,2.0,,70.0,8.0,19.0,11.0,,11.0,,44.0,,3.0,,,,,,2.0,11.0,,,,,,,,,,,4.0,,,5.0,,,,,2.0,,,,,,,,,10.0,4.0,,1.0,51.0,4.0,91.0,83.0,3.0,2.0,54.0,38.0,76.0,2.0,,,,,4.0,13.0,13.0,,,,8.0,4.0,,10.0,,5.0,24.0,,,,2.0,,,1.0,,,4.0,2.0,,,,,,,,1.0,,,3.0,15.0,,,,
ERI,4.0,,,,,,,,,,,,,,,,4.0,,6.0,,,,,,,,,,,1.0,,,,,,,,,,,,,,,,,,,,,,,,,,,,,,,,,,,,,,,,1.0,,,2.0,,1.0,,,,,,,,,,,,,,,,,,,,,,,,,,,,14.0,,3.0,,,,,,,,,,,,,,,,,,,,,,,,,,,,7.0,,,,,,,,,,,,,,,,,,,,5.0,5.0,,,,6.0,10.0,,,,,,14.0,,,,,,,6.0,,,,,,,,,,,,,,,,4.0,,,,,,,,,,,2.0,,,,,
EUR,38.0,6.0,,,,,,,,,,,,,,2.0,18.0,23.0,7.0,,,,,,1.0,3.0,,,31.0,15.0,1.0,,,,,,,,,3.0,,8.0,2.0,22.0,7.0,,,,,,,6.0,,,2.0,1.0,3.0,,4.0,,,,,,,,,,,1.0,2.0,2.0,4.0,2.0,,,,1.0,,1.0,,,13.0,,,,,,1.0,,,,2.0,,,,,,,,,,29.0,1.0,,7.0,,,,72.0,,,,,,,,1.0,3.0,,,8.0,2.0,,,,,3.0,,,,,8.0,,,,,,,,,1.0,,2.0,,1.0,39.0,,,,37.0,,83.0,69.0,,2.0,84.0,6.0,82.0,,,,,,16.0,10.0,19.0,,,,4.0,11.0,,1.0,,3.0,12.0,2.0,,,,,,1.0,3.0,,5.0,3.0,,,,,,,,,,,4.0,7.0,,,,
FRA,116.0,8.0,,,,,,,,,,,,,,,31.0,47.0,42.0,,,,1.0,,,8.0,,,13.0,13.0,,,,,,,,,4.0,3.0,,2.0,,19.0,10.0,3.0,,9.0,,3.0,,,,,,,1.0,3.0,44.0,2.0,,,,2.0,8.0,,,,,16.0,,1.0,8.0,2.0,3.0,4.0,1.0,9.0,2.0,1.0,,3.0,14.0,,,3.0,,17.0,4.0,2.0,6.0,4.0,1.0,2.0,1.0,,,,,,,,68.0,1.0,6.0,9.0,,,,68.0,,,,,,,,,,1.0,,,,,,,,,,,1.0,,33.0,,2.0,,3.0,,,,,,,,,2.0,48.0,4.0,,,76.0,2.0,104.0,95.0,,2.0,82.0,50.0,83.0,2.0,,,4.0,,33.0,16.0,7.0,9.0,2.0,,8.0,8.0,7.0,12.0,,,8.0,,,,3.0,,,2.0,,,3.0,2.0,,,,,,,,,,,25.0,16.0,,,,
GBR,279.0,21.0,,,,,,,,2.0,,,2.0,1.0,,2.0,47.0,76.0,84.0,,,4.0,,,,9.0,,,81.0,44.0,,,,,6.0,,6.0,,1.0,2.0,,11.0,2.0,57.0,29.0,,,,,1.0,1.0,14.0,,,,,26.0,3.0,31.0,,1.0,1.0,1.0,3.0,14.0,1.0,2.0,,,11.0,8.0,20.0,5.0,3.0,,6.0,,99.0,2.0,2.0,,1.0,20.0,1.0,,,,112.0,24.0,,7.0,22.0,,44.0,5.0,,23.0,7.0,21.0,,7.0,,308.0,3.0,26.0,51.0,5.0,13.0,,236.0,,,,2.0,,,5.0,4.0,2.0,8.0,,4.0,5.0,2.0,1.0,,3.0,,,5.0,1.0,1.0,53.0,2.0,11.0,,3.0,12.0,2.0,2.0,2.0,1.0,,6.0,1.0,5.0,104.0,,,,169.0,17.0,447.0,401.0,2.0,2.0,94.0,28.0,316.0,2.0,4.0,,3.0,,41.0,55.0,16.0,,,,19.0,50.0,5.0,24.0,1.0,,47.0,1.0,,,,,,11.0,4.0,,36.0,22.0,,,1.0,,,,,2.0,,,16.0,124.0,,,,
GMB,4.0,1.0,,,,,,,,,,,,,,,,,,,,,,,,,,,,,,,,,,,,,,,,,,,,,,,,,,,,,,,,,,,,,,,,,,,,,,,,,,,,1.0,,,,,,,,,,2.0,,,,,4.0,,,7.0,,,,,,,,,,1.0,,,,,,,,,,,,,,,,,,,,,,,,,,,,,,,,,,,,,,,,,2.0,,,,4.0,,,,,,,,,,,,,,,,,,,,,,,,,,,,,,,,,,,,,2.0,,,,,,,,,,,,,,,,
IND,131.0,11.0,,,4.0,,,1.0,2.0,,,,4.0,,,2.0,41.0,26.0,30.0,1.0,,8.0,1.0,,,12.0,1.0,,22.0,44.0,,,,,1.0,,2.0,,,2.0,,3.0,,18.0,14.0,7.0,,,,,,2.0,,,,1.0,11.0,1.0,22.0,,1.0,,5.0,6.0,1.0,7.0,,,3.0,3.0,7.0,13.0,3.0,,,,,36.0,4.0,,,1.0,26.0,,,,,99.0,,2.0,,8.0,4.0,5.0,9.0,,,,,,,,162.0,6.0,5.0,45.0,,,2.0,118.0,,,,,,,4.0,1.0,1.0,,,,,,,,2.0,,,3.0,,,12.0,1.0,,,4.0,1.0,,,,,,1.0,,10.0,48.0,,,,101.0,4.0,203.0,184.0,1.0,1.0,78.0,3.0,151.0,,,3.0,,,4.0,12.0,12.0,1.0,,5.0,,11.0,,13.0,,,33.0,7.0,,,,,4.0,10.0,4.0,,18.0,17.0,,,,,1.0,,,,,,6.0,40.0,,,,
ISR,168.0,11.0,,,,,,,6.0,,,1.0,8.0,,,,60.0,57.0,60.0,,,2.0,2.0,,,10.0,,,24.0,59.0,,,6.0,,,,,,,2.0,1.0,2.0,,43.0,33.0,2.0,1.0,4.0,,,1.0,17.0,,,,,31.0,1.0,24.0,,,2.0,,2.0,1.0,2.0,,,,1.0,1.0,22.0,8.0,,6.0,,1.0,74.0,,,4.0,4.0,8.0,,,,2.0,101.0,2.0,1.0,6.0,7.0,5.0,4.0,,,2.0,1.0,,,3.0,,135.0,3.0,16.0,31.0,19.0,15.0,,55.0,,1.0,,,,,,2.0,1.0,,,2.0,,,,,7.0,3.0,5.0,8.0,1.0,4.0,42.0,2.0,2.0,,5.0,5.0,,2.0,,,,2.0,2.0,2.0,140.0,,,2.0,218.0,,124.0,114.0,4.0,2.0,129.0,28.0,138.0,6.0,,3.0,,,19.0,51.0,22.0,8.0,3.0,5.0,11.0,11.0,3.0,3.0,,14.0,14.0,5.0,,,,6.0,2.0,18.0,1.0,,10.0,2.0,,,,,,,1.0,3.0,,3.0,60.0,22.0,,,,
ITA,55.0,3.0,,,,,,,,,,,,,,1.0,8.0,19.0,9.0,,,,,,,3.0,,,7.0,12.0,1.0,,,,,,1.0,,,,,6.0,,2.0,3.0,,,,,,,,,,,,7.0,,3.0,,,,,3.0,1.0,1.0,,,,,2.0,4.0,,,,,,,,,,,,,,,1.0,13.0,,,,1.0,,,2.0,,,,,,,,7.0,,,15.0,,,,37.0,,,,,,,,,2.0,1.0,,,,,,,1.0,,,4.0,,,3.0,,2.0,,,,,,,,,2.0,,,42.0,,,,23.0,,85.0,81.0,,5.0,11.0,,29.0,,,,2.0,,21.0,9.0,6.0,,,,4.0,4.0,,6.0,,6.0,,4.0,,,,,,3.0,,,3.0,3.0,,,,,,,,,,,2.0,3.0,,,,
JAM,3.0,2.0,,,,,,,,,,,,,,1.0,4.0,2.0,3.0,,,,,,,1.0,,,,3.0,,,,,1.0,,,,,,,,,3.0,,,,,,,,,,,,,1.0,,,,,,,,1.0,,,,,,,,,,,,,,,,,,1.0,,,1.0,,18.0,,,1.0,,,4.0,,,1.0,,,,,,7.0,,1.0,2.0,,,,12.0,,,,,,,,,,,,,,,1.0,,,,,1.0,,,8.0,,,,,,,,,,,,,,8.0,,,,10.0,,24.0,21.0,,,4.0,,4.0,,,,,,,1.0,,,,,,3.0,,,,,2.0,2.0,,,,,,,,,,,,,,,,,,,,,,1.0,,,,
JOR,19.0,4.0,,,,,,,,,,,,,,,9.0,2.0,,,,,,,,,,,2.0,2.0,,,,,,,,,,,,,,2.0,4.0,,,,,,,,,,,,3.0,,1.0,,,,,,,,,,,1.0,,2.0,,2.0,1.0,,,2.0,,,,2.0,2.0,3.0,,,,9.0,,,2.0,2.0,,1.0,,,,,,,1.0,,6.0,,,3.0,1.0,,,10.0,,,,,,,,,,,,,2.0,,,,,,,,,,,,,,,1.0,3.0,,,,,,,,22.0,,,,40.0,,28.0,26.0,,,12.0,5.0,28.0,,,,,,16.0,3.0,,8.0,,,2.0,,1.0,,,,2.0,2.0,,,,,,,,,4.0,2.0,,,,,,,,,,,2.0,7.0,,,,
JPN,66.0,6.0,,,,,,,2.0,,,,,,,,36.0,29.0,15.0,,,,3.0,,,9.0,,,5.0,20.0,,,,,,,,,,3.0,8.0,,,5.0,7.0,,,,,,,4.0,,,1.0,,18.0,,6.0,,,,,,,1.0,,,,,5.0,5.0,,,,2.0,,15.0,,,,,6.0,,,,,44.0,,,8.0,2.0,3.0,6.0,,,,,,,1.0,2.0,57.0,2.0,,7.0,2.0,2.0,,36.0,2.0,,,,,,,,,,,,,,,,,,,4.0,,,5.0,8.0,,2.0,1.0,2.0,1.0,4.0,,,,,3.0,2.0,39.0,,,,36.0,,129.0,101.0,2.0,3.0,34.0,15.0,88.0,,,,,,29.0,12.0,12.0,,,,5.0,10.0,1.0,6.0,,,17.0,,,,,,,3.0,,,7.0,,,,,,,,,,,,11.0,27.0,,,,
LBN,8.0,2.0,,,,,,,,,,,,,,,3.0,1.0,7.0,,,,,,,,,,4.0,3.0,,,,,,,,,3.0,1.0,,3.0,,,,,,,,,,,,,1.0,,,,4.0,,,,,,,5.0,,,,2.0,,,,,,,,16.0,,,,,,,,,,6.0,,,,,,,,,,,,,2.0,,16.0,,2.0,6.0,4.0,,,7.0,,,,,,,,,,,,,,,,,,,,,,,,,,,,,,4.0,,,,,,,3.0,,,,25.0,,16.0,18.0,,,16.0,2.0,1.0,,,,,,,15.0,,2.0,,,,,,1.0,,4.0,6.0,,,,,,,,,,,,,,,,,,,,,,,6.0,,,,
MEX,58.0,9.0,,,,,,,1.0,,,,,,,2.0,27.0,3.0,22.0,,,2.0,,,,,,,16.0,6.0,,,,,1.0,,,,,13.0,1.0,6.0,,12.0,6.0,,,,,,,6.0,,,,,4.0,2.0,,,,,,,9.0,2.0,,,,2.0,,14.0,,,,,,5.0,,,,,7.0,,,,,37.0,,11.0,12.0,5.0,1.0,1.0,,,3.0,,,,,,29.0,2.0,24.0,18.0,,,,57.0,,,,,,,,,,3.0,,7.0,,,,,,,,1.0,,,18.0,2.0,4.0,,2.0,1.0,1.0,,1.0,,,,4.0,,11.0,,,,17.0,,64.0,62.0,,,12.0,25.0,28.0,1.0,,,,,14.0,2.0,11.0,,2.0,,5.0,72.0,3.0,5.0,,7.0,27.0,,,,,,,,,,5.0,,,,3.0,,,3.0,,,,,3.0,44.0,,,,
NGA,226.0,49.0,,,,,,1.0,,,,,,,,,43.0,28.0,33.0,,,1.0,1.0,,,6.0,,,37.0,21.0,,,,,,,,,1.0,,,1.0,,48.0,25.0,,,,,1.0,,1.0,,,,2.0,8.0,,16.0,,,,,11.0,4.0,4.0,,,,1.0,5.0,2.0,8.0,,,,,18.0,,1.0,,,4.0,,,2.0,,70.0,,,8.0,11.0,16.0,5.0,5.0,2.0,,1.0,,4.0,,1.0,88.0,1.0,8.0,7.0,2.0,1.0,,156.0,,,3.0,,,,4.0,14.0,,,,2.0,3.0,,1.0,,6.0,,3.0,9.0,11.0,,22.0,,,,1.0,,,2.0,,,,,,,17.0,,,,82.0,,112.0,102.0,,1.0,59.0,8.0,160.0,2.0,6.0,,1.0,14.0,8.0,37.0,1.0,4.0,,,29.0,17.0,3.0,20.0,,,29.0,3.0,,,,,2.0,,1.0,,18.0,17.0,,,,,,,,,,,7.0,19.0,,,,
NOR,23.0,,,,,,,,,,,,,,,,,1.0,,,,,,,,,,,3.0,3.0,,,,,,,,,,2.0,,,,7.0,3.0,,,,,,,,,,,,,,,,,1.0,,,,,,,,,,,,,,,,,,,,,2.0,1.0,,,,3.0,1.0,,,,,2.0,,,1.0,1.0,,,,,4.0,,,1.0,,,,7.0,,,,,,,,,,1.0,,,,,,,,,,,,,6.0,1.0,,,,,,7.0,,,,,,,3.0,,,,7.0,,6.0,6.0,,,2.0,,7.0,,,,,,,,4.0,,,,7.0,4.0,2.0,4.0,,,7.0,,,,,,,,,,,,,,,,,,,,,,,1.0,,,,
NZL,18.0,4.0,,,,,,,,,,,,,,2.0,1.0,7.0,,,,,,,,1.0,,,5.0,1.0,,,,,,,,,,,,1.0,,7.0,2.0,,,,,,,,,,,,2.0,,,,,,,,1.0,,,,,,2.0,2.0,,,,,,,,,,,1.0,,,,,5.0,,,,2.0,,2.0,,,,,,,,,3.0,,,2.0,,,,23.0,,,,,,,,,,2.0,,,,,,,,,,1.0,,,2.0,1.0,,,,,,,,,,,,,8.0,,,,12.0,,51.0,44.0,,,6.0,1.0,43.0,,,,,,12.0,5.0,2.0,,,,5.0,5.0,,2.0,,3.0,2.0,,,,,,,,,,2.0,1.0,,,,,,,,,,,3.0,10.0,,,,
PAN,3.0,,,,,,,,,,,,,,,,,,2.0,,,,,,,,,,,2.0,,,,,,,,,,,,,,1.0,,,,,,,,,,,,,,,,,,,,,,,,,,,,,,,,,,,,,,,,,,,,15.0,,,,1.0,1.0,,,,,,,,,,2.0,,,1.0,,,,6.0,,,,,,,,,,,,,,,,,,,,,,,1.0,,,,,,,,,,,,,,2.0,,,,,,19.0,18.0,,,,,3.0,,,,,,10.0,,,,,,,,,1.0,,,,1.0,,,,,,,,,,,,,,,,,,,,,1.0,,,,,
PHL,100.0,7.0,,,4.0,,,,,,,,,,,,26.0,50.0,18.0,,,,7.0,,,4.0,,,12.0,21.0,,,,,,,,,,4.0,,,,20.0,4.0,,,,,,,,,1.0,,,7.0,,1.0,,,,,,,,,1.0,,1.0,,1.0,,,,3.0,,3.0,6.0,,,,4.0,,,,,24.0,,,6.0,25.0,,9.0,6.0,11.0,,,,,1.0,,55.0,,3.0,12.0,5.0,1.0,,52.0,,,,,,,,1.0,5.0,,,,,,6.0,,,,,,,,22.0,,,,,7.0,2.0,,,,1.0,1.0,,,21.0,,,1.0,29.0,,73.0,69.0,,,11.0,7.0,59.0,,,,2.0,,2.0,23.0,,,,,3.0,7.0,1.0,6.0,,,24.0,,,,,,,,,,4.0,4.0,,,,,,,,,,,,37.0,,,,
PRK,50.0,9.0,,,,,,,,,,,,8.0,,,7.0,4.0,8.0,,,,,,,2.0,,,5.0,12.0,,,,,4.0,,,7.0,,5.0,,,,22.0,40.0,,,,,,,4.0,,,,,5.0,,,,,,,,,8.0,,,,,,10.0,3.0,,7.0,9.0,,13.0,,,,,2.0,2.0,,,,10.0,,,10.0,4.0,7.0,,,,,,,,2.0,,4.0,,,7.0,2.0,,,25.0,,,,,,,,,3.0,,,,,,,,1.0,,,6.0,,,10.0,6.0,2.0,,,3.0,,,,,,,,,91.0,,,2.0,92.0,,39.0,41.0,,2.0,80.0,62.0,50.0,,,11.0,,,8.0,19.0,3.0,2.0,,,2.0,1.0,,2.0,,,10.0,,,,,,,,,,6.0,7.0,,2.0,,,,,,,,,,10.0,,,,
RUS,143.0,26.0,,,4.0,,,,,,,,,1.0,,3.0,36.0,27.0,104.0,,31.0,3.0,2.0,2.0,,6.0,1.0,,29.0,29.0,,,,,,,,,1.0,10.0,,,,49.0,36.0,,,,,,,12.0,,,7.0,,1.0,,7.0,,,1.0,,,34.0,,,,,15.0,7.0,9.0,5.0,,17.0,9.0,1.0,8.0,,,4.0,1.0,28.0,5.0,2.0,,,199.0,19.0,,18.0,2.0,5.0,5.0,,,,,,,,,90.0,,20.0,15.0,2.0,3.0,4.0,85.0,,,,,,1.0,3.0,4.0,3.0,,,,,,1.0,,,1.0,,14.0,,5.0,34.0,1.0,3.0,,,2.0,2.0,3.0,,,,,2.0,4.0,85.0,,,,144.0,,201.0,177.0,8.0,9.0,73.0,49.0,92.0,5.0,2.0,4.0,,,18.0,31.0,10.0,2.0,2.0,2.0,13.0,11.0,1.0,8.0,,,16.0,4.0,,,,,1.0,3.0,,,21.0,13.0,,9.0,,,1.0,,2.0,,,3.0,15.0,147.0,2.0,2.0,,
SGP,21.0,5.0,,,,,,,,,,,,,,1.0,6.0,8.0,1.0,,,,,,,,,,8.0,2.0,,,,,,,,,,,,,,9.0,2.0,,,,,,,,,,,,4.0,,3.0,,,,,,,,,,,,,6.0,,,,1.0,,2.0,,,,,2.0,,,,,,,,,,,,,,,,,,,,,,1.0,,,,,10.0,,,,,,,,,,,,,,,,,,,,15.0,,,8.0,2.0,,,,1.0,,,,,,,,,56.0,8.0,,,72.0,,67.0,50.0,,,48.0,10.0,22.0,,,4.0,,,18.0,,,,,,1.0,1.0,,,,,4.0,,,,,,,,,,,,,1.0,,,,,,,,,1.0,,,,,
SOM,19.0,6.0,3.0,,,,,,,,,,,,,,,4.0,2.0,,,,3.0,,,,,,,2.0,,,,,,,,,,,,,,6.0,,,,,,,,,,,,,1.0,,,,,,,,1.0,,,,,,,,,1.0,,2.0,,,,,,,2.0,,,,,6.0,,,1.0,,,,,,,,,,3.0,,17.0,,,2.0,,,,15.0,3.0,,,,,,,,,,,,,,,,,,,,,,21.0,,,,,,,,,,,,,,2.0,,,,5.0,,21.0,20.0,,,2.0,3.0,4.0,,,,,1.0,6.0,,3.0,,,,,8.0,2.0,,,,4.0,,,,,,1.0,,,,1.0,10.0,,,,,,,,,,,,7.0,,,,
SYR,97.0,49.0,,,,,,,,,,,5.0,1.0,,,24.0,30.0,18.0,,,,,,,10.0,,,13.0,21.0,,,,,,,,,5.0,3.0,,1.0,,13.0,24.0,1.0,,,,,,7.0,,,4.0,1.0,10.0,11.0,14.0,,,,,4.0,,5.0,,,,44.0,,10.0,11.0,,,,2.0,10.0,2.0,,,2.0,6.0,,,,,18.0,8.0,1.0,,4.0,3.0,4.0,,1.0,,,,,6.0,,117.0,,35.0,10.0,2.0,17.0,,80.0,2.0,,,,,,,4.0,6.0,,,,,,,,,,5.0,8.0,2.0,,46.0,,9.0,,,12.0,1.0,5.0,,,,9.0,4.0,41.0,56.0,2.0,,,147.0,,105.0,92.0,,2.0,121.0,57.0,98.0,8.0,1.0,5.0,,,10.0,20.0,19.0,7.0,,,10.0,6.0,11.0,6.0,,7.0,23.0,,,,,2.0,,16.0,1.0,,5.0,32.0,,,6.0,,,,56.0,2.0,,,366.0,13.0,,,,
TWN,39.0,6.0,,,,,,,,,,,,,,,13.0,13.0,8.0,,,,,,,,,,6.0,18.0,,,,,,,,,,,,,,4.0,10.0,,,,,,,,,,,,6.0,,,,,,,,4.0,,1.0,,,,2.0,4.0,3.0,,,2.0,,9.0,,,,,2.0,,,,,4.0,,,,,,,,,,,,,,,6.0,,1.0,,,,,18.0,,,,,,,,,,,,,,,,,,,,,,,4.0,1.0,,,8.0,7.0,,5.0,,,,,2.0,,19.0,,,1.0,6.0,,44.0,43.0,,,6.0,13.0,9.0,1.0,,5.0,,,,7.0,5.0,,,,7.0,8.0,,,,,13.0,,,,,,1.0,4.0,,,,10.0,,,,,,,,,,,,2.0,,,,
UGA,4.0,5.0,,,,,,,,,,,,,,,2.0,3.0,2.0,,,,,,,,,,4.0,1.0,,,,,,,,,,,,,,1.0,,,,,,,,,,,,,,1.0,3.0,,,,2.0,,,,,,,,,,,,,,,1.0,,,,,,,,,,8.0,,,,,,,,,,,,,2.0,,2.0,,2.0,,,,,6.0,,,,,,,,,,,,2.0,,,,,,,,,,,,,,,,,,,,,,,,,,,,,2.0,,34.0,29.0,,,2.0,,6.0,,,,,,8.0,1.0,12.0,,,,,3.0,,2.0,,,3.0,,,,,,,,,,,,,,,,,,,,,,,6.0,,,,
VAT,16.0,,,,,,,,,,,,,,,2.0,2.0,,5.0,,,,,,,,,,1.0,4.0,,,,,2.0,,,,,,,,,,,,,,,,,,,,,,,,,,,,,,,,,,,,,,,,,,,11.0,,,,,,,,,,1.0,,,,,,,,,,,,,,,,,,,,,,9.0,,,,,,,,,,,,,,,,,,,,1.0,,,3.0,,4.0,,,,,,,,,,,,7.0,,,,30.0,,19.0,17.0,,,25.0,,6.0,,,,1.0,1.0,,,,,,,1.0,,,,,,,,,,,,,7.0,,,1.0,,,,,,,,,,,,,,,,,
AFG,83.0,13.0,,,,,,,,,,,,,,5.0,16.0,18.0,21.0,,2.0,3.0,7.0,,,2.0,,,24.0,17.0,,,,,,,,,4.0,22.0,,,,30.0,9.0,,,,,,,10.0,,,,,8.0,,2.0,,,,,2.0,13.0,6.0,,,,15.0,4.0,4.0,,,,,1.0,6.0,,,,,,,,,,19.0,1.0,,8.0,18.0,7.0,18.0,,,1.0,1.0,2.0,,2.0,,281.0,,7.0,4.0,,25.0,,23.0,,,,,,,,,,,,,,,5.0,,4.0,,3.0,3.0,,,13.0,4.0,4.0,,,1.0,,3.0,,,,,2.0,4.0,55.0,,,,169.0,16.0,57.0,49.0,2.0,13.0,156.0,40.0,52.0,,,,,,,20.0,17.0,,,,5.0,5.0,5.0,3.0,,,9.0,,,,,,1.0,,,,1.0,14.0,,1.0,,,,,3.0,4.0,,4.0,60.0,4.0,,,,
ALB,3.0,1.0,,,,,,,,,,,,,,,,,,,,,,,,,,,,,,,,,,,,,,2.0,,,,1.0,,,,,,,,2.0,,,,,,,,,,,,,,,,,,,,,,,,,,,3.0,,,,,,,,,3.0,,,,,,,,,,,,,,,2.0,,,,,,,1.0,,,,,,,,,,,,,,,,,,,,,,,,,,,,,,,,,,,,,,,,,,,,,,,4.0,,2.0,,,,,,,1.0,,,,,2.0,,,,,,,,,,,,,,,,,,,,,,,,,,,,,,,,,
ARE,26.0,5.0,,,,,,,,,,,,,,,1.0,1.0,33.0,,,,,,,,,,4.0,3.0,,,,,,6.0,,,,1.0,,,,16.0,,,,,,,,,,,,,2.0,,,,,,,,2.0,,,,,,,,,,,,,2.0,,,,1.0,6.0,,,,,17.0,3.0,,,2.0,,,,,,6.0,,,,,3.0,,1.0,3.0,,,,9.0,,,,,,,,,,,,,,,,,,,,1.0,,,,,,,,,,,,,,5.0,,,12.0,,,1.0,11.0,,34.0,32.0,,,22.0,10.0,44.0,1.0,,,,,5.0,4.0,4.0,,,,12.0,3.0,,1.0,,,2.0,,,,,,,,,,2.0,,,,,,,,,,,,,1.0,,,,
IRN,96.0,26.0,,,,,,,3.0,,,1.0,,,,,15.0,18.0,29.0,,,6.0,,,,6.0,,,21.0,26.0,,,,,,,,,,,4.0,4.0,,51.0,29.0,,1.0,,,,7.0,5.0,,,,,4.0,3.0,16.0,,,,,,,,,,2.0,7.0,2.0,2.0,,,20.0,,,10.0,,,,,2.0,6.0,,,,25.0,1.0,2.0,7.0,2.0,1.0,4.0,,,,,,,1.0,,60.0,,9.0,10.0,8.0,17.0,,33.0,1.0,,,,,,1.0,6.0,,,,,,,,,,,7.0,11.0,,,34.0,,14.0,,,1.0,,5.0,,,,3.0,2.0,1.0,34.0,,,,174.0,,80.0,75.0,,7.0,119.0,98.0,80.0,3.0,,,,,9.0,11.0,29.0,8.0,,4.0,2.0,9.0,5.0,,,,15.0,,,,,,,13.0,,,7.0,10.0,,,,,,,2.0,,,3.0,26.0,8.0,,,2.0,
ARM,13.0,,,,,,,,,,,,,,,2.0,,,,,,,,,,,,,1.0,,,,,,,,,,,,,,,,,,,,,,,,,,,,,,,,,,,,,,,,,,,1.0,,,,,,,,1.0,,,,,,,,3.0,,,,,,1.0,,,,,,,,,,,,1.0,,,,1.0,,,,,,,,,,,,,,,,,,,,,,,,,,,,,,,,,,,,,2.0,,,,3.0,,7.0,6.0,,,,,5.0,,,,,,,1.0,,,,,,,,,,,2.0,,,,,,,,,,,2.0,,,,,,,,,,,,1.0,,,,
MCO,14.0,1.0,,,,,,,,,,,,,,,,,4.0,,,,,,,,,,5.0,,2.0,,,,,,,,,,,,,11.0,2.0,,,,,,,,,,,,,,,,,,,,1.0,,,,,,,,,,,,,,,,,,6.0,,,,,29.0,,,,3.0,,,,,,,,,,,9.0,,,,,,,5.0,,,,,,,,,,,,,,,,,,,,,,,3.0,,,,,,,,,,,,,,1.0,,,,3.0,,15.0,15.0,,,,,7.0,,,,,,,2.0,,,,,1.0,,,1.0,,,3.0,,,,,,,,,,3.0,2.0,,,,,,,,,,,,2.0,,,,
MDV,36.0,,,,,,,,,,,,,,,,,2.0,6.0,,,,,,,1.0,,,,5.0,,,,,,,1.0,,,,,,,2.0,1.0,,,,,,,,,,,,,,,,,,,,,,,,,,,,,,,,,,,1.0,,1.0,,,,,,15.0,,,,7.0,,5.0,3.0,,,,,,1.0,,17.0,1.0,1.0,18.0,,,,8.0,,,,,,,,,,,,,,,,,,,,,,,,,,,,,2.0,,,,,,,,,,,,12.0,,21.0,17.0,,,7.0,,12.0,,,,,,,8.0,,,,,3.0,,,,,,1.0,1.0,,,,,,,2.0,,4.0,1.0,,,,,,,,,,,,4.0,,,,
AZE,6.0,,,,,,,,,,,,,,,,,,,,,,,,,,,,,,,,,,,,,,,,,,,7.0,,,,,,,,,,,,,,,,,1.0,,,,,,,,,,,,,,,,,2.0,,,,,1.0,,,,,2.0,,,,,,,,1.0,,,,,,,4.0,,,2.0,,,,2.0,,,,,,,,,,,,,,,,,,,,,,,,,,,,,,,,,,,,,6.0,,,,,,6.0,5.0,,,,4.0,4.0,,,,,,2.0,,2.0,,,,2.0,,,,,,,,,,,,,,,,,,,,,,,,,,,,,,,,,
BEN,6.0,,,,,,,,,,,,,,,,1.0,,,,,,,,,,,,,2.0,,,,,,,,,,,,,,,2.0,,,,,,,,,,,,,,,,,,,,,,,,,,,,,,,,,,,,,,,,,,,,,,,,,,,,,,,,,,,,,,,,,2.0,,,,,,,1.0,,,,,,,,,,,,,,,,2.0,,,,,,,,,,,,,,,,,,2.0,,2.0,3.0,,,,,1.0,,,,,,,,,,,,2.0,,,,,,,,,,,,,,,,,,,,,,,,,,,,,3.0,,,,
BGD,64.0,7.0,,,,,,5.0,,,,1.0,,,,,12.0,19.0,36.0,1.0,,,,,,,1.0,,6.0,26.0,,,,,,,,,,,,,,30.0,8.0,2.0,,,,,,,,,,,4.0,,17.0,,,6.0,,,1.0,,,,,,10.0,2.0,,,5.0,,,3.0,,,,,7.0,1.0,,,,42.0,,,1.0,1.0,,5.0,3.0,,4.0,,,,,,51.0,1.0,,,,1.0,,29.0,,,,2.0,,,3.0,,,,,,,,4.0,,7.0,,,1.0,2.0,,7.0,2.0,,,3.0,,2.0,3.0,,,,1.0,2.0,,40.0,,,,13.0,3.0,50.0,51.0,,,2.0,2.0,118.0,,,1.0,1.0,,16.0,3.0,16.0,8.0,,,3.0,8.0,1.0,1.0,,4.0,22.0,1.0,,,,,,,6.0,,1.0,5.0,,,,,,,,,,,1.0,4.0,,,,
THA,28.0,1.0,,,,,,,,,,,,,,,8.0,3.0,3.0,,,,,,,1.0,,,2.0,3.0,,,,,,,,,,,,,,6.0,,,,,,,,,,,,,3.0,,,,,,,,,,,,,,,,,,,,,8.0,,,,,3.0,,,,,2.0,,,,,,1.0,,,,1.0,,,,,7.0,,1.0,18.0,,,,1.0,,,,,,,,,,,,,,,,,5.0,,,,,,2.0,,,,,,,,,,,,,,17.0,,,,6.0,,54.0,50.0,,,2.0,2.0,24.0,,,,,,3.0,,4.0,,,,,,,1.0,,,5.0,3.0,,,,,,,,,,,,,,,,,,,,,,4.0,,,,
IDN,24.0,,,,,,,,,,,,,,,,2.0,1.0,6.0,,,,,,,,,,4.0,1.0,,,,,,,,,,,,,,2.0,2.0,,,,,,,,,,,,8.0,,,,,,,,,,,,,3.0,2.0,4.0,,,,,,,,,2.0,,,,,,,8.0,1.0,,,2.0,3.0,8.0,3.0,,,,,,,,7.0,,,7.0,,,,30.0,,,,,,,,,,,1.0,,,,,,5.0,,1.0,,,,4.0,,,,,,,,,,,,,,16.0,,,,7.0,,17.0,17.0,3.0,1.0,,,21.0,,,,,,,,15.0,,,,1.0,1.0,,4.0,,,11.0,,,,,,,,,,1.0,10.0,,,,,,,,,,,5.0,13.0,,,,
IRL,59.0,1.0,,,,,,,,,,,,,,1.0,8.0,8.0,7.0,,,,,,,1.0,,,13.0,6.0,,,,,6.0,,,,,,,,,7.0,6.0,,,,,,,1.0,,,,,7.0,,,,,,,,,,,,,,4.0,,,,1.0,,1.0,2.0,,,,2.0,4.0,,,,,24.0,,,,3.0,,1.0,,,,,,,,,12.0,,3.0,11.0,,3.0,,39.0,,,,2.0,,,1.0,2.0,3.0,11.0,,,,,,,,,,2.0,,,2.0,,1.0,,,1.0,,,,,,,,,31.0,,,,22.0,,69.0,62.0,,3.0,6.0,23.0,48.0,1.0,,,,,4.0,12.0,8.0,,,,8.0,5.0,4.0,4.0,1.0,,5.0,11.0,,,,,2.0,2.0,,,8.0,,,,,1.0,,,,,,,4.0,9.0,,,,
COL,29.0,1.0,,,,,,,,,,,,,,,,3.0,5.0,,,1.0,2.0,,,,,,,2.0,,,,,,,,,,,,,,4.0,,,,,,,,,,,,,1.0,,,,,,,,,,,,,,,,,,,,,1.0,,,,,2.0,,,,,10.0,2.0,,,,,,,,,,,,12.0,,26.0,,3.0,,,,,4.0,,,,,,,,4.0,,,,,,,,,,,,,,,3.0,2.0,,1.0,,,,,,,,,,,3.0,,,,5.0,,9.0,12.0,1.0,,5.0,,3.0,,,,,,4.0,2.0,,,,,1.0,4.0,,,,,2.0,2.0,,,,,,,,,,,,,,,,,,4.0,,,,2.0,,,,
DNK,21.0,,,,,,,,,,,,,,,,1.0,8.0,3.0,,,,,,,,,,3.0,73.0,,,,,,,,,,,,,,3.0,4.0,,,,,,,,,,,,,,,,,,,,,,,,,,,2.0,,,,,,3.0,,,,,2.0,,,,,10.0,,,,1.0,,,,,1.0,,,,,,10.0,1.0,,,,,,15.0,,,,,,,,,,,,,,,,,,,,,,,3.0,,,,,,,,,,,,,,15.0,,,,,,30.0,25.0,,9.0,1.0,,18.0,,,,,,,1.0,1.0,,,,,1.0,,,,,7.0,,,,,,,,,,3.0,1.0,,,,,,,,,,,3.0,2.0,,,,
ECU,4.0,,,,,,,,,,,,,,,,,,1.0,,,,,,,1.0,,,,,,,,,,,,,,,,,,1.0,,,,,,,,,,,,,,,,,,,,,,,,,,,,,,,,6.0,,,,,,,,,,,,5.0,,,,,,,,1.0,,,,,,,1.0,,,,,,,2.0,,,,,,,,,,,,,,,,,,,,,,,1.0,,,,,,,,,,,,,,1.0,,,,2.0,,7.0,5.0,,,,,3.0,,6.0,,,,,,,,,,,1.0,,,,4.0,,,,,,,,,,,3.0,,,,,,,,,,,,,,,,,
EGY,41.0,5.0,,,10.0,,,,,,,,,,,,13.0,9.0,17.0,,,1.0,2.0,,,1.0,,,3.0,13.0,,,,,,2.0,,,,,,,,9.0,4.0,,,,,,,2.0,,,,,1.0,,14.0,,,,,,,,,2.0,,3.0,2.0,8.0,7.0,3.0,,,,3.0,1.0,,,,7.0,,,,,29.0,1.0,,1.0,1.0,,2.0,,,,,,2.0,,,22.0,,2.0,5.0,9.0,,,13.0,,,,,,,,,,,,,,,,,10.0,,,,,,8.0,,,,3.0,,,,8.0,,,,,,16.0,,,,46.0,17.0,105.0,84.0,,3.0,24.0,7.0,33.0,,,,,,6.0,10.0,3.0,37.0,,,,,8.0,,,,7.0,,,,,,,1.0,,,5.0,1.0,,,,,,,,,,,,2.0,,,,
ESP,15.0,1.0,,,,,,,,,,,,,,,2.0,6.0,,,,,,,,,,,3.0,10.0,,,,,,2.0,,,,,1.0,2.0,,2.0,,1.0,,,,,,5.0,,,,,1.0,,,,,,,,,,,,,,1.0,,,,1.0,,,5.0,,,,,2.0,,,4.0,,10.0,,,,5.0,,10.0,,,,,,,,,22.0,,5.0,4.0,,,,11.0,,,,,,,,,,2.0,,4.0,,,,,,,,1.0,,,3.0,1.0,,,,,,,,,,,,,3.0,,,,16.0,,39.0,36.0,,,10.0,22.0,25.0,,,,1.0,,,2.0,,,,,1.0,6.0,,5.0,,,,1.0,,,,,,1.0,,,6.0,,,,,,,,,,,,,1.0,,,,
ETH,19.0,,,,,,,,,,,,,,,,4.0,2.0,,,,,,,,,,,3.0,3.0,,,,,,,,,,,,,,2.0,2.0,,,,,,,,,,,,5.0,,,,,,,,,,,,,6.0,1.0,,,,,,,,,,,,,,,,,3.0,,,,,,4.0,,,,,,,2.0,,4.0,,9.0,,,,,4.0,,,,,,,,,,,,,,,,,1.0,,,1.0,,,21.0,,,,,,,,,,,,,,9.0,,,,12.0,,26.0,25.0,,1.0,4.0,7.0,1.0,,,2.0,,,12.0,1.0,1.0,,,,2.0,1.0,2.0,,,4.0,,,2.0,,,,,,,,,,,,,,,,,1.0,,,3.0,,,,,
FIN,7.0,,,,,,,,,,,,,,,,1.0,3.0,,,,,,,,,,,3.0,,,,,,,,,,,,,,,,3.0,,,,,,,,,,,,,,,,,,,,1.0,,,,,,,,,,,,,1.0,,,,,,,,,,2.0,,,,3.0,,,,,,,,,,,,,,,,,,4.0,,,,,,,,,,,,,,,,,,,,,,,3.0,,2.0,,,,,,,,,1.0,,,2.0,,,,,,13.0,12.0,,,4.0,,5.0,,,,,,,1.0,2.0,,,,,1.0,,,,,1.0,,,,,,,,,,4.0,5.0,,,,,,,,,,,,1.0,,,,
TUR,48.0,17.0,,,,,,,,,,,,,,,22.0,19.0,24.0,,,6.0,,,,,,,9.0,19.0,,,,,,,,,4.0,1.0,,,,18.0,22.0,,,,,,,3.0,,,7.0,,,,8.0,,,,,4.0,1.0,,,,,6.0,,4.0,,,1.0,,,15.0,2.0,,,,11.0,,,,,46.0,,,3.0,3.0,,,,1.0,,,,,1.0,,78.0,,14.0,8.0,,1.0,,34.0,4.0,,,,,,,,,,,,1.0,,,,,,,3.0,,,25.0,,7.0,,,2.0,,,,,,1.0,,4.0,65.0,,,,44.0,,119.0,109.0,,4.0,46.0,30.0,33.0,1.0,1.0,2.0,,,18.0,1.0,24.0,2.0,,,8.0,4.0,,1.0,,,11.0,2.0,,,,,,3.0,,,5.0,14.0,,,,,,,5.0,3.0,,3.0,11.0,32.0,,,,
GHA,47.0,,,,,,,,,,,,,,,,13.0,7.0,7.0,,,2.0,,,,2.0,4.0,,7.0,3.0,,,,,,,,,,,,,,13.0,6.0,,,,,,,,,,,,1.0,,2.0,,,,,,1.0,,,,,,4.0,,1.0,,,,,,,,,,,,,,,24.0,,,,5.0,1.0,,,,,,,,,,7.0,2.0,,1.0,,,,25.0,,,,4.0,,,,,3.0,,,,,,,,3.0,2.0,,,,,1.0,,1.0,,,,,,,,,,,1.0,19.0,,,,7.0,,15.0,14.0,,,10.0,1.0,27.0,,,,,,,6.0,5.0,,,,11.0,1.0,,,,,3.0,,,,,,,,,,,4.0,,,,,,,,,,,1.0,4.0,,,,
SAU,68.0,7.0,,,,,,,4.0,,,,,,,,17.0,68.0,69.0,,,4.0,1.0,,1.0,8.0,,,12.0,25.0,,,,,,,,,1.0,3.0,,5.0,,11.0,5.0,,,,,,,3.0,,,,,,,9.0,,,,,,1.0,,,,,,6.0,10.0,5.0,,1.0,,,,,,2.0,,6.0,3.0,,,,32.0,5.0,,7.0,5.0,,2.0,5.0,,,,,,6.0,,143.0,,4.0,5.0,1.0,,,44.0,,,,,,,,,,,,,4.0,,,,,,,2.0,,,11.0,4.0,,,,2.0,1.0,,,,,5.0,,,32.0,,,,103.0,,49.0,52.0,,,43.0,23.0,72.0,,,,,1.0,13.0,18.0,6.0,4.0,,,,7.0,,,,,6.0,,,,,,,2.0,,,2.0,4.0,,,,,,,,,,,3.0,4.0,,,,
GRC,14.0,,,,,,,,,,,,,,,,7.0,5.0,,,,,,,,,,,9.0,7.0,,,,,,,,,,1.0,,,,3.0,,,,,,,,,,,,,,,1.0,,,,,,,,,,,,,,,,,,,1.0,,,2.0,,,,,,,11.0,2.0,,,1.0,,,,,,,,,,,,,,,,,,10.0,,,,,,2.0,,,1.0,,,,,,,,,,,,,,8.0,,,,,4.0,,,,,,,,,23.0,,,,4.0,,32.0,29.0,,,4.0,,21.0,,,,,,6.0,5.0,5.0,,,,8.0,,,2.0,,4.0,1.0,,,,,,,1.0,,,1.0,,,,,,,,,,,,,,,,,
GUY,17.0,,,,,,,,,,,,,,,,1.0,3.0,,1.0,,,,,,,,,2.0,1.0,,,,,,,,,,,,,,4.0,1.0,,,,,,,,,,,,1.0,,,,,,,,1.0,,,,,,3.0,1.0,1.0,,,,,,,,,,,,,,,6.0,,,,1.0,,,,,2.0,,,,,,1.0,,,,,,,5.0,,,,,,,,,,,,,,,,,,,,,,,1.0,,,,,,,,,,,,,,4.0,,,,15.0,,32.0,31.0,2.0,2.0,,2.0,6.0,,,,,,,,,,,,1.0,,,,,,4.0,,,,,,,,,,,,,,,,1.0,,,,,,,7.0,,,,
KOR,41.0,2.0,,,,,,,2.0,,,,,2.0,,,9.0,21.0,11.0,,,,,,,3.0,,,2.0,6.0,,,,,,,,4.0,,,,,,12.0,8.0,,,,,,,1.0,,,,,4.0,,1.0,,,,,,,22.0,,,,2.0,2.0,10.0,,,2.0,2.0,,,,,,,25.0,,,,,8.0,,,,,1.0,,,,3.0,,,,2.0,,5.0,,,11.0,,,,39.0,,,,,,,,,8.0,,,,,,,,3.0,,,,,,23.0,3.0,1.0,,,1.0,,5.0,,,,,,,46.0,,,,111.0,,60.0,56.0,,,61.0,55.0,42.0,,,5.0,,,,10.0,8.0,,,,7.0,6.0,,2.0,,,3.0,,,,,,,,,,9.0,1.0,,,,,,,,,,,5.0,8.0,,,,
SRB,3.0,,,,,,,,,,,,,,,,,,,,,,,,,,,,,1.0,,,,,,,,,,,,,,,,,,,,,,,,,,,,,,,,,,,,1.0,,,,,,,,,,,,1.0,,,,,2.0,,,,,,,,,,,,,,,,,,,,,,,,,,,4.0,,,,,,,,,,,,,,,,,,,,,2.0,,,,,,,,,,,,,,,,2.0,,,,,,23.0,20.0,,2.0,1.0,3.0,,,,,,,,2.0,1.0,,,,,,,,,,,,,,,,,,,,,,,,,,,,,,,,,,,,,
IRQ,44.0,9.0,,,,,,,,,,,,,,,5.0,23.0,12.0,,2.0,,4.0,,,2.0,,,28.0,7.0,,,,,,,1.0,,,2.0,,,,8.0,12.0,,,,,,,4.0,,,,,6.0,,3.0,,,,,,,,,,,4.0,,2.0,,,,2.0,,,,,,,1.0,1.0,,,,29.0,1.0,,,1.0,,,,1.0,,,,,3.0,,77.0,,9.0,9.0,,15.0,,22.0,,,,,,,,,,6.0,,,,,,,7.0,,7.0,,,,10.0,,,,,,,2.0,,,,,,1.0,16.0,,2.0,,41.0,,117.0,106.0,12.0,,37.0,,26.0,,,,,,6.0,7.0,16.0,6.0,,,3.0,3.0,,,,2.0,7.0,,,,,,,1.0,,,,2.0,,,,,,,4.0,,,,25.0,4.0,,,,
PRT,,,,,,,,,,,,,,,,,,,,,,,,,,3.0,,,1.0,3.0,,,,,,,,,,,,,,,,,,,,,,,,,,,1.0,,,,,,,,,,,,,,,,,,,,,,,,,,4.0,,,,,,,,,2.0,,,,,,,,,,,6.0,,,,,,,,,,,,,,,,,,,,,,,,1.0,,,,,2.0,,,3.0,,,,,,,,,,,,,,,,,,3.0,2.0,,,3.0,,,,,,,,16.0,,,,,,,,,,,,,,,,,,,2.0,,,,,,,,,,,,,,,,,,,,
KIR,,,,,,,,,,,,,,,,,,,,,,,,,,,,,,,,,,,,,,,,,,,,,,,,,,,,,,,,,,,,,,,,,,,,,,,,,,,,,,,,,,,,,,,,,,,,,,,,,,,,,,,,,,,,,,,,,,,,,,,,,,,,,,,,,,,,,,,,,,,,,,,,,,,,,,,,,6.0,4.0,,,,,6.0,,,,,,,,,,,,,,,,,,,,,,,,,,,,,,,,,,,,,,,,,,,,,
LAO,4.0,4.0,,,,,,,,,,,,,,,,,,,,,,,,,,,,,,,,,,,,,,,,,,,,,,,,,,,,,,,,,,,,,,,,,,,,,,,,,,,,,,,,,,,,,,1.0,,,,,,,,,,,,,,,3.0,,,,,,,3.0,,,,,,,,,,,,,,,,,,,,,,,1.0,,,,,,,,,,,,,,14.0,,,,13.0,,15.0,15.0,,,11.0,,5.0,,,,,,2.0,,,,,,2.0,,,,,,,,,,,,,,,,,2.0,,,,,,,,,,,,2.0,,,,
PAK,165.0,33.0,,,1.0,,,,1.0,,,,,,,2.0,43.0,45.0,45.0,,,1.0,1.0,,,46.0,,,30.0,31.0,,,,,,,,,,1.0,,2.0,1.0,45.0,32.0,,,,,,,1.0,,,,,12.0,3.0,11.0,,,,,3.0,3.0,1.0,,,1.0,2.0,6.0,10.0,3.0,,,2.0,,18.0,,,,,22.0,3.0,,,,105.0,,2.0,1.0,2.0,1.0,3.0,4.0,,7.0,,2.0,,5.0,,121.0,1.0,5.0,74.0,2.0,,8.0,106.0,,,,,,,,7.0,2.0,1.0,,2.0,,,,,9.0,,,14.0,,,22.0,2.0,,,,3.0,5.0,,,,,1.0,1.0,,66.0,,,,180.0,4.0,134.0,130.0,3.0,,101.0,37.0,79.0,2.0,,2.0,,,9.0,9.0,19.0,2.0,3.0,18.0,20.0,16.0,5.0,4.0,,,41.0,14.0,,,,,,9.0,2.0,,11.0,75.0,,,,,,,,,,,,35.0,,,,
NLD,12.0,3.0,,,1.0,,,,,,,,,,,,1.0,4.0,8.0,,,,,,,,,,3.0,7.0,,,,,,,,,,,,,,9.0,2.0,,,,,,,,,43.0,,,3.0,,2.0,,,,,,,,,,,,1.0,2.0,,,,1.0,,,,,,,1.0,,,,,56.0,,,,2.0,1.0,3.0,,,,2.0,,,,,34.0,,,5.0,,,,22.0,,,,,,,,,10.0,,,,,,,,,,,,,,4.0,1.0,,,,,2.0,,,,,,,,1.0,,,,9.0,,37.0,35.0,,,1.0,1.0,19.0,,,,,,2.0,9.0,1.0,,,,5.0,7.0,3.0,2.0,,,2.0,,,,,,,,,,1.0,,,,,,,,,3.0,,,2.0,18.0,,,,
AFR,64.0,1.0,,,1.0,,,,,,,,,,,,15.0,17.0,15.0,,,,,,,4.0,,,16.0,9.0,,,,,,,,,,,,,,8.0,16.0,,1.0,,,,,2.0,,,,,3.0,,8.0,,,,,,2.0,,,,,,6.0,,,,,,,4.0,,,,7.0,5.0,,,,,32.0,,,2.0,4.0,,,,,2.0,,,,1.0,,19.0,,8.0,10.0,,,,44.0,8.0,,,,,,,,,,,,,,,,,,,,,,15.0,,,,,,,,,,,,,,23.0,,,,38.0,,92.0,79.0,1.0,,42.0,3.0,56.0,,,,1.0,,7.0,17.0,4.0,,,,6.0,10.0,2.0,4.0,,,3.0,,,,,,,,,,2.0,9.0,,,,,,,,,,,3.0,7.0,,,,
PER,11.0,3.0,,,,,,,,,,,,,,,10.0,10.0,,,,,,,,3.0,,,,5.0,,,,,,,,,,,,,,,,,,,,,,1.0,,,,,,,8.0,,,,,,,,,,,,,,,,,,,6.0,,1.0,,,2.0,,,,,7.0,,,,,,,,,,,,,,,4.0,,,3.0,,,,1.0,,,,,,,,,,,,,,,,1.0,,,,,,,1.0,,,,,,,,,,,,,,10.0,,,,28.0,,13.0,15.0,,,6.0,,7.0,,,,,,1.0,2.0,1.0,,1.0,,,,,,,,1.0,,,,,,,,,,2.0,,,,,,,,,,,,,1.0,,,,
AUT,7.0,2.0,,,,,,,,,,,,,,,,,,,,,,,,,,,,,,,,,,,,,,,,,,3.0,3.0,,,,,,,,,,,,1.0,,,,,,,,,,,,,,1.0,,,,,,,,,,,,,,,,1.0,2.0,2.0,,,2.0,,,,,,,,,,,,,,3.0,,,,9.0,,,,,,,,,,,,,,,,,,,,,,,4.0,,4.0,,,,,,,,,,,,2.0,,,,10.0,,11.0,9.0,,,6.0,,6.0,,,,,,,2.0,,,,,,,,,,,2.0,,,,,,,,,,,1.0,,1.0,,,,,,,,,,3.0,,,,
MDA,,,,,,,,,,,,,,,,,,,,,,,,,,,,,,,,,,,,,,,,,,,,,,,,,,,,,,,,,2.0,,,,,,,,,,,,,,,,,,,,,,,,,,,,,,,,1.0,,,,,,,,,,,,,,,,,,,,,,,,,,,,,,,,,,,,,,,,,,,,,,,,,,,,,,,,,,,,,,,,,,,,,,,,,,,,,,,,,,,,,,,,,,,,,,,,,,,,,,,,,,,,,,,,,,,
VNM,19.0,6.0,,,,,,,,,,,,,,,16.0,8.0,2.0,,,,,,,6.0,,,5.0,6.0,,,,,,,,,,,,,,5.0,,,,,,,,,,,,,,,6.0,,,,,,,,,,,,,1.0,6.0,,,2.0,,7.0,4.0,,,,8.0,,,,,8.0,1.0,,6.0,1.0,,3.0,,,,,,5.0,,,33.0,,,,9.0,1.0,,16.0,3.0,,,,,,,,,,,,,,,,,,,2.0,,,7.0,1.0,4.0,,,,,,,2.0,,,,1.0,31.0,,,,30.0,,79.0,68.0,,,25.0,,37.0,,,,,,18.0,10.0,10.0,2.0,,,7.0,2.0,,2.0,3.0,,3.0,1.0,,,,,,,,,3.0,2.0,,,,2.0,,,,,,,1.0,12.0,,,,
UKR,25.0,5.0,,,,,,,,,,,,,,,5.0,9.0,11.0,,,,,,,3.0,1.0,,3.0,18.0,,,,,,,,,,,,,,4.0,1.0,,,,,,,,,,,,1.0,,,,,,,,,5.0,,,,8.0,1.0,1.0,,,1.0,2.0,1.0,8.0,,,4.0,,3.0,,,,1.0,5.0,,,,,5.0,,,,,,,,,,30.0,,5.0,2.0,,,2.0,14.0,,,,,,,,,,,,,,,,,1.0,,,,,,2.0,2.0,,,,,,,,,,,,,10.0,,,,18.0,,14.0,14.0,,,10.0,,13.0,3.0,2.0,,,,4.0,5.0,11.0,,4.0,,1.0,9.0,,,,,2.0,,,,,,,,,,2.0,,,,,,,,,,,,2.0,3.0,,2.0,,
YEM,31.0,3.0,,,,,,,2.0,,,,,,,,8.0,6.0,18.0,,,,,,1.0,1.0,,,2.0,3.0,,,,,2.0,,,,,,,,,7.0,2.0,,,,,,,10.0,,,,,,,,,,,,8.0,,,,,,,11.0,3.0,,,,,,2.0,,,,,13.0,2.0,,,,10.0,,,,3.0,,5.0,,,,,,,2.0,,20.0,,4.0,8.0,,,,11.0,,,,,,,1.0,,,,,,,,,,,,,,12.0,,,,,,,,,,5.0,1.0,,,,4.0,2.0,,,,4.0,,15.0,17.0,2.0,2.0,,,14.0,,,,,,3.0,10.0,,6.0,,,,7.0,,5.0,,3.0,3.0,,,,,,,,,,,,,,,,,,,,,1.0,4.0,1.0,,,,
VEN,10.0,8.0,,,,,,,,,,,,,,,,3.0,1.0,,,,,,,,,,4.0,,,,,,,,,,,,,,,,5.0,,,,,,,,,,,,1.0,,,,,,,,,,,,,,,11.0,,,,,,,,,,,4.0,,,,,3.0,,,,,,,,,,,,,,,16.0,,5.0,,,,,5.0,,,,,,,,,,,,,,,,,,,,,,,,,,,,,,,,,,,,,2.0,,,,3.0,,9.0,7.0,,,,,7.0,,,,,,,,2.0,6.0,,,2.0,,,,,,1.0,,,,,,,,,,2.0,,,,,,,,,,,,,,,,,
ZWE,24.0,7.0,,,,,,,,,,,,,,1.0,4.0,2.0,35.0,,,,,,,,,,5.0,,,,,,,,,,,,,,,4.0,1.0,,,,,,,1.0,,,,,2.0,,2.0,,,,,,,,,,,,1.0,2.0,3.0,,,,,4.0,,,,,1.0,,,,,12.0,,,,10.0,2.0,1.0,,,,,,,,,14.0,,,,,,,22.0,,,,2.0,,,,,,,,,,,,,,,,2.0,,,3.0,,1.0,,,,2.0,,,,,,,,11.0,,,,8.0,,28.0,26.0,,,8.0,,16.0,,,,,,,4.0,4.0,,,,2.0,8.0,,1.0,,,,3.0,,,,,,,,,4.0,,,,,,,,,,,,,2.0,,,,
NIC,2.0,,,,,,,,,,,,,,,,1.0,9.0,,,,,,,,,,,,,,,,,,,,,,,,,,,,,,,,,,,,,,,,,,,,,,,,,,,,,,,,,,,,,,,,,,,,,,1.0,,,,,,,,,,,,,,,3.0,,,,,,,5.0,,,,,,,,,,,,,,,,,,,,,,,,,,,,,,,,,,,,,4.0,,,,8.0,,8.0,6.0,,,,,5.0,,,,,,,,,,,,,3.0,,1.0,,,,,,,,,,,,,,3.0,,,,,,,,,,,,3.0,,,,
MYS,41.0,4.0,,,,,1.0,,,,,,,,,,18.0,2.0,5.0,,,,,,,3.0,3.0,,8.0,4.0,,,,,,,,,,,,5.0,,5.0,4.0,,,,,,,,,,,,5.0,,2.0,,,,,,,,,,,,1.0,,,,,,,4.0,,,,,4.0,2.0,,,,5.0,,,,1.0,5.0,,,,,10.0,,,,,3.0,,1.0,,,,,45.0,,,,,,,,6.0,1.0,,,,1.0,,,,,,,16.0,,,17.0,2.0,,,,1.0,,,,,,,3.0,,40.0,,,,67.0,,47.0,43.0,,3.0,32.0,2.0,47.0,1.0,,,,1.0,11.0,4.0,8.0,,,,,6.0,,3.0,,,7.0,,,,,,,4.0,,,,12.0,,,,,,,,,,,,4.0,,,1.0,
ZAF,12.0,2.0,,,,,,,,,,,,,,,1.0,10.0,10.0,,,,,,,3.0,,,5.0,1.0,,,,,,,,,,,,,,2.0,8.0,,,,,,,2.0,,,,,1.0,,2.0,,,,,,,,,,,,2.0,,,,,,,,,,,5.0,1.0,,,,,13.0,,,,3.0,,,,,2.0,,,,1.0,,13.0,,5.0,5.0,,,,7.0,,,,,,,4.0,,,,,,,,,,,,,,,,2.0,,,,,,,,,,,,,,10.0,,,,13.0,,28.0,24.0,,,9.0,,29.0,,,,,,2.0,6.0,,,,,1.0,3.0,,2.0,,,3.0,,,,,,,1.0,,,,5.0,,,,,,,,,,,4.0,5.0,,,,
LKA,14.0,1.0,,,,,,,1.0,,1.0,3.0,,,,,6.0,6.0,1.0,,,,,,1.0,5.0,,,3.0,1.0,,,,,,,,,,,,,,12.0,2.0,,,,,,,4.0,,,,1.0,1.0,,2.0,,,,,,,,,,,,,2.0,,,,,,5.0,,,,2.0,2.0,,,2.0,1.0,19.0,2.0,,,,,1.0,,,,,,,,,5.0,,,3.0,,,,7.0,,,,,,,,1.0,2.0,,,1.0,,,,,,,,1.0,,,2.0,,,,,1.0,,,5.0,,,,,,5.0,,,,13.0,,29.0,27.0,,,4.0,,19.0,1.0,,,,,8.0,1.0,,,,,5.0,8.0,,2.0,,,2.0,5.0,,,,3.0,,,,,2.0,7.0,2.0,,,,,,,,,,,3.0,,,,
MMR,2.0,5.0,,,,,,,,,,,,,,,,,4.0,,,,2.0,,,,,,,1.0,,,,,,,,,,,,,,1.0,,,,,,,,,,,,,1.0,,,,,,,,,2.0,,,,,,3.0,,,,,,3.0,,,,,2.0,,,,,,,,,,,,,,,,,,,,1.0,,,,,,,3.0,,,,,,,,,,,,,,,,,,,,,,,,,,,,,,,,,,,,,,,,,,,12.0,8.0,,,,2.0,5.0,,,,,,,,,,,,,,,,,2.0,4.0,,,,,,,,,,,1.0,,,,,,,,,,,,3.0,,,,
NMR,,,,,,,,,,,,,,,,,,4.0,,,,,,,,,,,,,,,,,,,,,,,,,,,,,,,,,,,,,,,,,,,,,,,,,,,,,,,,,,,,,,,,,,,,,,,,,,,,,,,,,,,,,,,,,,,,3.0,,,,,,,,,,,,,,,,,,,,,,,,,,,,,,,,,,1.0,,,6.0,,,,,,10.0,8.0,,,,,,,,,,,,,4.0,,,,3.0,4.0,,,,,,,,,,,,,,,2.0,,,,,,,,,,,,,,,,,
TUN,12.0,,,,,,,,,,,,,,,,,1.0,,,,,,,,,,,1.0,1.0,,,,,,,,,,,,,,2.0,3.0,,,,,,,1.0,,,,,,,,,,,,,,,,,,,,2.0,,,,,,,,,,,,,,,,2.0,,,,,,1.0,,,,,6.0,,,,8.0,,,,2.0,,,1.0,,,,,,,,,,,,,,,,,,,,,,,3.0,,,,,,,,,,,,,,,,,,,,25.0,23.0,,,3.0,,14.0,,,,1.0,,,,,,,,,,,3.0,,2.0,,,,,,,,,,,3.0,3.0,,,,,,,,,,,,,,,,
BHR,5.0,,,,,,,,1.0,,,,,,,,,11.0,36.0,,2.0,,,,,,,,,1.0,,,,,,1.0,,,,,,,,,4.0,,,,,,,,,,,,5.0,,1.0,,,,,,,,,,,,,,4.0,,,,,,3.0,,,,1.0,,,,,22.0,3.0,,,,,,,5.0,,,,,,,,,,,,,,4.0,,,,,,,,,,,,,,,,,,3.0,,,,,,,,,,1.0,,,,,,3.0,,,,,,,8.0,,1.0,1.0,,,4.0,12.0,4.0,,,,,,,4.0,,,,,1.0,1.0,,,,,,,,,,,,,,,,,,,,,,,,,,,,,,,,
KWT,3.0,1.0,,,,,,,,,,,,,,,,2.0,30.0,,,,,,,,,1.0,2.0,2.0,,,,,,1.0,,,,,,,,1.0,,,,,,,,,,,,,,,,,,,,,,,,,,,3.0,,,,,,,,,,,,,,,,,9.0,,,,,,,,,,,,,,,2.0,,,,,,,8.0,,,,,,,,,,,,,,,,,,,,,,,1.0,,,,,,,,,,,,,,,,,,3.0,,,,,,,9.0,23.0,,,,,,,1.0,,,,,2.0,4.0,,,,,2.0,,,,,,,,,,,,,,,,,,,,,,2.0,,,,,
OMN,3.0,2.0,,,,,,,,,,,,,,,2.0,2.0,30.0,,,,,,,2.0,,,,2.0,,,,,,,,,,,,,,2.0,1.0,,,,,,,,,,,,1.0,,,,,,,,,,,,,,,2.0,2.0,,,,,,,,,,1.0,,,,,,,,,,,,,,,,,,,,,,,2.0,,,,2.0,,,,,,,,,,,,,,,,,,,,3.0,,,,2.0,,,,,1.0,,,,,,,,9.0,,,,8.0,,25.0,23.0,,,2.0,1.0,14.0,,,,,,13.0,4.0,,,,,,3.0,,,,,,,,,,,,,,,,,,,,,,,,,,,,,,,,
QAT,11.0,,,,,,,,,,,,,,,,6.0,3.0,34.0,,,,,,,,,,2.0,6.0,,,,,,,,,,3.0,,,,5.0,1.0,,,,,,,,,,,,,,,,,,,,,,,,,,6.0,,2.0,,4.0,,,,,,,,,,,,,2.0,,2.0,,,,,,,,,,,,,5.0,,,3.0,,,,7.0,,,,,,,,,,,,,,,,,,,,1.0,,,,,,,,,,,,,,,,,8.0,,,,25.0,,18.0,22.0,,,24.0,,18.0,,,,,,,11.0,,,,,3.0,2.0,,,,,2.0,,,,,,,,,,1.0,1.0,,,,,,,,,,,1.0,1.0,,,,
BRN,6.0,,,,,,,,,,,,,,,,1.0,,,,,,,,,,,,2.0,,,,,,,,,,,,,,,2.0,,,,,,,,,,,,,1.0,,,,,,,,,,,,,,,,,,,,,,,,,,,,,,,,,,,,,,,,,,,,,,7.0,,,,,,,,,,,,,,,,,,,,,,,,,,,,,,,,1.0,,,,,,,,,,,,,,,,,,38.0,36.0,,,2.0,2.0,1.0,,,,,,1.0,,,,,,,,,,,,,,,,,,,,,,,,,,,,,,,,,,,,,,,
BTN,,,,,,,,,,,,,,,,,,,,,,,,,,,,,2.0,,,,,,,,,,,,,,,2.0,,,,,,,,,,,,,,,,,,,,,3.0,,,,,,,,,,,,,,,,,,,,,,,,,,,,,,,,,,,,,,,,,,,,,,,,,,,,,,,,,,,,,,,,,,,,1.0,,,,,,,,,,,,,,,,,,2.0,,41.0,41.0,,,7.0,6.0,9.0,,,,,,2.0,,,,,,,,,,,,2.0,,,,,,,,,,,,,,,,,,,,,,,,,,,
KEN,39.0,8.0,,,,,,,1.0,,,,,,,,9.0,4.0,11.0,,,,,,3.0,3.0,,,7.0,4.0,,1.0,,,,,,,,1.0,,2.0,,3.0,9.0,,,,,,,2.0,,,,,4.0,,,,,,,,,,,,,,3.0,1.0,,,,,,3.0,,,,1.0,5.0,2.0,,,,8.0,1.0,,,1.0,,,,,,,,,,,7.0,,2.0,,,,,32.0,2.0,,,,,,,1.0,2.0,,,2.0,,,,,,,,,,2.0,12.0,,,,,,,,,,,,,,24.0,,,,13.0,2.0,33.0,33.0,,,,3.0,16.0,,,,,,7.0,8.0,7.0,2.0,,,4.0,7.0,,,,,7.0,,2.0,,,,,3.0,,,1.0,1.0,,,,,,,,,,,,4.0,,,,
NPL,9.0,4.0,,,3.0,,,,,,,,,,,,4.0,1.0,3.0,,,,,,,1.0,,,8.0,,,,,,,,,,,,,,,1.0,,,,,,,,,,,,,5.0,,,,,,,,,,,,2.0,,,,,,,,,1.0,,,,,5.0,,,,,6.0,,,,,,1.0,1.0,4.0,,,,,,,8.0,,,,,,,8.0,,,,,,1.0,,,,,,,,,,,,,,3.0,,,4.0,8.0,,,,,2.0,,,,,,,,2.0,,,,17.0,,25.0,23.0,,1.0,14.0,2.0,11.0,,,,,,4.0,3.0,,,,,,1.0,,6.0,,,3.0,,,,,,,,,,,,,,,,,,,,,,1.0,7.0,,,,
BRB,2.0,,,,,,,,,,,,,,,,,,,,,,,,,,,,,2.0,,,,,,,,,,,,,,,,,,,,,,,,,,,,,1.0,,,,,,3.0,,,,,,,,,,,,,,,,,,,,,,,,,,,,,,,,,,,,,,3.0,,1.0,,,,,7.0,,,,,,,,,,,,,,,,,,,,,,,2.0,,,,,,,,,,,,,,4.0,,,,2.0,,3.0,3.0,3.0,,3.0,,6.0,,,,,,,2.0,,,,,,,,2.0,,,2.0,,,,,,,,,,1.0,,,,,,,,,,,,,,,,,
CHE,21.0,,,,,,,,,,,,,,,1.0,1.0,3.0,,,,,,,,,,,,4.0,,,,,,,,,,,,,,,,,,,,,,,,,,,2.0,,,,,,,,,,,1.0,,,,,,,,,,1.0,,,,1.0,1.0,,,,,5.0,,,,,,,,,1.0,,,,,,12.0,,,,,,,11.0,,,,,,,,,,,,,,,,,,,,,,,9.0,,,,,,,,,,,,,,12.0,,,,6.0,,35.0,36.0,,,13.0,,5.0,1.0,,,,1.0,,5.0,5.0,,,,,2.0,,1.0,,,2.0,,,,,,,4.0,,,2.0,,,,,,,,,,,,6.0,,,,,
COG,,,,,,,,,,,,,,,,,,,7.0,,,,,,,,,,3.0,,,,,,,,,,,,,,,4.0,,,,,,,,,,,,,6.0,,,,,,,,,,,,,,,,,,,,,,,,,,1.0,,,,,2.0,,,,,,,,,,,,,1.0,,2.0,,,1.0,,,,3.0,,,,,,,,,1.0,,,,,,,,,,,,,,1.0,,,,,,,,,,,,1.0,,,,,,,,10.0,8.0,,,,,4.0,,,,,,,,,,,,1.0,2.0,,,,,,,,,,3.0,,,,,,,,,,,,,,,,,,,,,,
CUB,27.0,9.0,,,,,,,,,,,,,,,1.0,5.0,2.0,,,,,,,,,,,8.0,,,,,,,,,,,,,,5.0,4.0,,1.0,,,,,1.0,,1.0,,,3.0,,,,,,,,,,,,,,,16.0,5.0,,3.0,,,13.0,,,,,,,,,,2.0,1.0,,,,,,,,,,,,,,12.0,,1.0,5.0,,,,21.0,,,,,,,,,,3.0,,,,,,,,,,,,,13.0,2.0,,,4.0,,,,,,,1.0,,,5.0,,,,4.0,,42.0,34.0,,,2.0,12.0,42.0,1.0,,,,,4.0,3.0,4.0,,,,9.0,5.0,5.0,,,1.0,8.0,,,,,,,3.0,,,3.0,,,,3.0,,,,,,,,3.0,2.0,,,,
DOM,1.0,,,,,,,,,,,,,,,,,,3.0,,,,,,,,,,,,,,,,,,,,,,,,,1.0,,,,,,,,,,,,,,,1.0,,,,,,2.0,,,,,,,,,,,,,,,,,,2.0,,,,,12.0,,,,,,,,,,,,,,,7.0,,,,,,,4.0,,,,,,2.0,,,,,,,,,,,,,,2.0,,,2.0,,,,,,,,,,,,1.0,,3.0,,,,8.0,,6.0,5.0,,,2.0,2.0,4.0,,,2.0,,,6.0,,,,,,,,,,,,2.0,,,,,,,,,,,,,,,,,,,,,,,,,,,
GTM,4.0,,,,,,,,,,,,,,,,2.0,5.0,9.0,,,,,,,,,,2.0,,,,,,,,,,,,,,,1.0,,,,,,,,,,,,,,,,,,,,,,,,,,8.0,,,,8.0,,,,,,,,,,,,,,14.0,1.0,,,7.0,,,,,,,,,,,,,,,,,,4.0,,,,,,,,,,,,,,,,,,,,,,,5.0,,,,,,,,,,,,,,,,,,4.0,,7.0,5.0,,,,,1.0,,,,,,4.0,,,,,,,,,2.0,,,2.0,,,,,,,,,,4.0,,,,,,,,,,,,1.0,1.0,,,,
PSE,35.0,,,,,,,,,,,,,,,1.0,17.0,17.0,10.0,,,,,,,,,,5.0,15.0,,,,1.0,,,,,,2.0,,,,6.0,8.0,3.0,,,,,,2.0,,,,,6.0,,6.0,,,,,2.0,2.0,,,,,,,3.0,6.0,,4.0,,,8.0,,,1.0,1.0,5.0,,,,2.0,43.0,,1.0,6.0,10.0,2.0,4.0,,,,2.0,,,,,53.0,,7.0,13.0,12.0,2.0,,8.0,,1.0,,,,,,4.0,,,,,,,,,,2.0,,6.0,,,18.0,1.0,,,,2.0,,,,,,,,,10.0,,,,49.0,,39.0,40.0,,4.0,24.0,12.0,57.0,,,2.0,,,7.0,7.0,8.0,,,,6.0,5.0,,,,8.0,10.0,4.0,,,,1.0,,,1.0,,2.0,,,,,,,,,3.0,,,,3.0,,,,
NAM,2.0,,,,,,,,,,,,,,,,,,,,,,,,,,,,,1.0,,,,,,,,,,,,,,,,,,,,,,,,,,,,,,,,,,,,,,,,,,,,,,,,,,,,,,,,,,,,,,,,,,,,,,,,,,,,2.0,,,,,,,,,,,,,,,,,,,,,,,,,,,,,,,,,,,,,,,,,,,,,,,4.0,4.0,,,,,,,,,,,,,,,,,,,,,,,,,,,,,,,,,,,,,,,,,,,,,,,,,,
POL,10.0,,,,,,,,,,,,,,,,3.0,,,,,,,,,,,,,3.0,,,,,,,,,,,,,,3.0,,,,,,,,,,,,,,,1.0,,,,,,,,,,,,,2.0,,,,,,1.0,,,,,,,,1.0,,2.0,,,,4.0,,,,,,,,,2.0,,10.0,2.0,3.0,7.0,,,,11.0,,,,,,,,,,,,,,,,,,,,,,,,1.0,,,,1.0,,,,,,,,,7.0,,,,9.0,12.0,13.0,13.0,,,7.0,4.0,20.0,,,,,,3.0,,1.0,,,,,,3.0,,,,7.0,,,,,,,,,,3.0,3.0,,,,,,,,,,,,1.0,,,,
SEA,3.0,,,,,,,,1.0,,,,,,,,3.0,11.0,,,,,4.0,,,,,,7.0,1.0,,,,,,,,,,,,,,1.0,2.0,,,,,,,,,,,,,,,,,1.0,,,,,,,,,,,,,,,,,,,,,1.0,,,,,8.0,,,,,,,,,,,,,,,3.0,,3.0,,2.0,,,9.0,,,,,,,,,,,,,,,,,,,,1.0,,1.0,5.0,1.0,,,,,,,,,,,1.0,,18.0,,,,4.0,,10.0,14.0,,,4.0,4.0,1.0,,,,,,4.0,,12.0,,,,,,,,,,,1.0,,,,,,,,,,4.0,,,,,,,,,,,,1.0,,,,
SLE,2.0,,,,,,,,,,,,,,,,,2.0,1.0,,,,,,,,,,,,,,,,,,,,,,,,,,,,,,,,,,,,,,,,2.0,,,,,,,,,,,,,,,,,,,,,,,,,,,,,12.0,,,,,,,,,,,,,,,,1.0,,,,,,2.0,,,,,,,,,,,,,,,,,,,,,,,,,,,,,,,,,,,,,,,,,,,,,,,,,,,,,,,,,,,,,1.0,,,,,,,,,,,,,,,,5.0,9.0,,,,,,,,,,,,,,,,
SLV,7.0,,,,,,,,,,,,,,,,,1.0,,,,,1.0,,,,,,,,,,,,,,,,,,,,,1.0,,,,,,,,,,,,,,,,,,,,,,,,,,1.0,,,,4.0,,,,,,,,,,,,,,6.0,,,,,,,1.0,,,,,,,,1.0,,,,,,,4.0,,,,,,,,,,,,,,,,,,,,,,,,,,,,,,,,,,,,,,,,,,,1.0,1.0,,,,2.0,1.0,,,4.0,,,,,,,4.0,,,,,,,,,,,,,,,,,,,,,,,,,,,,,,,1.0,,,,
ZMB,14.0,2.0,,,,,,,,,,,,,,,1.0,2.0,4.0,,,,,,,,,,3.0,3.0,,,,,,,,,,,,,,,11.0,,,,,,,,,,,,,,,,,,,,,,,,,,,,,,,,,,,,1.0,1.0,,,,,,7.0,,,,,,,,,,,,,,,,,3.0,,,,,7.0,,,,,,,,,,,,,,,,,,,,1.0,,,1.0,,,,,,,,,,,,,,,,,,4.0,,6.0,6.0,,,,,12.0,,,,,,,,,,,,4.0,,,,,,,2.0,,,,,,,,,,,,,,,,,,,,,,3.0,,,,
HRV,1.0,,,,,,,,,,,,,,,,,,,,,,,,,,,,,3.0,,,,,,,,,,,,,,,,,,,,,,,,,,,,,,,,,,,,,,,,,,,,,,,,,,,,,,,,,,,,,,,,,,,,,,,,,,,,,,,,4.0,,,,,,,,,,,,3.0,,,,,,,,,,,,,,,,,,,,,,,,,,,,,,,5.0,5.0,,,,,1.0,,,,,,,,,,,,,,,,,,,,,,,,,,,,,,,,,,,,,,,,,1.0,,,,
MEA,,,,,,,,,,,,,,,,,,,,,,,,,,,,,,,,,,,,,,,,,,,,4.0,,,,,,,,,,,,,,,,,,,,,,,,,,,,1.0,1.0,,,,,,,,,,,,,,,1.0,,,,,,,,,,,,,,,,,,,,,,,,,,,,,,,,,,,,,,,,,,,,,,,,,,,,,,,,,,,6.0,2.0,,,,,2.0,2.0,,,,3.0,6.0,,,,,,,,,,,,,,,,,,,,,,,2.0,,,,,,,,,,,,,,,,,,,,,,
KHM,6.0,5.0,,,,,,,,,,,,,,,1.0,1.0,1.0,,,,,,,1.0,,,1.0,1.0,,,,,,,,,,,,,,6.0,2.0,,,,,,,,,,,2.0,,,,,,,,,,,,,,,,1.0,,,,,,1.0,,,,,,,5.0,,,9.0,,,,,,,,,,,,,,3.0,,,,,,,,11.0,,,,,,,,,,,,,,,,,,,,,,1.0,1.0,,,,,,,,,,,,1.0,,6.0,,,,6.0,,16.0,16.0,,,8.0,,12.0,,,,,,2.0,1.0,2.0,,,,1.0,,,1.0,,,,1.0,,1.0,,,,,,,,,,,,,,,,,,,,1.0,1.0,,,
CZE,1.0,,,,,,,,,,,,,,,,,,,,,,,,,1.0,,,3.0,1.0,,,,,,,,,,3.0,,,,,,,,,,,,,,,,,,,,,,,,,,,,,,,,3.0,,,,,,,,,,,,,,,,2.0,,,,1.0,,,,,,,,,,,2.0,,,,,,,6.0,,,,,,,,,,,,,,,,,,,,,,,,,,,,,,,,,,,,,3.0,,,,2.0,,8.0,7.0,,,,,,,,,,,,1.0,,,,,,1.0,,,,,2.0,,,,,,,,,,,,,,,,,,,,,,1.0,,,,,
MRT,3.0,,,,,,,,,,,,,,,,,,,,,,,,,,,,,,,,,,,,,,,,,,,,,,,,,,,,,,,,,,,,,,,2.0,,,,,,,,,,,,,,,,,,,,,,,,,,,,,,,,,,,,,,,1.0,,,2.0,,,,,,,,,,,,,,,,,,,,,,,,,,,,,,,,,,,,,,,,,,,,,,,,,,,,,,,,,,,,,,,,,,,,,,,,,,,,,,,,,,,,,,,,,,,,,,,,,,
SEN,5.0,,,,,,,,,,,,,,,,2.0,,,,,,,,,,,,,,,,,,,,,,,,,,,1.0,,,,,,,,,,,,,,,,,,,,2.0,,,,,,,1.0,,,,,,,,,,,,,,,,,1.0,,,,,,,,,,,,,,,9.0,,,,,,,3.0,,,,,,,,,,,,,,,,,,,,,,,,,,,,,,,,,,,,,,,,,2.0,,14.0,14.0,,,,,,,,,,,,,,,,,,,,,,,,,,,,,,,,,,1.0,,,,,,,,,,,,,,,,
CYP,2.0,,,,,,,,,,,,,,,1.0,1.0,,,,,,,,,,,,,,,,,,,,,,,,,,,,,,,,,,,,,,,,,,,,,,,,,,,,,,,,,,,2.0,,1.0,,,,,,,,,,,,,,,,,,,,,,,,,,,,,,,,7.0,,,,,,,,,,,,,,,,,,,,,,,,,,,,,,,,,,,,,5.0,,,,2.0,,4.0,4.0,,,,,2.0,,,,,,6.0,,,,,,,,,3.0,,,3.0,,,,,,,,,,,,,,,,,,,,,,,,,,,
SYC,,,,,,,,,,,,,,,,,,,,,,,,,,,,,,,,,,,,,,,,,,,,,,,,,,,,,,,,,,,,,,,,,,,,,,,,,3.0,,,,,,,,,,,,,,,5.0,,,,,,,,,,,,,,,,,,,,,,,,,,,,,,,,,,,,,,,,,,,,,,,,,,,,,,,,,,,4.0,,,,,,1.0,1.0,,,,,,,,,,,,,,,,,,,,,,,,,,,,,,,,,1.0,,,,,,,,,,,,,,,,,
MDG,,,,,,,,,,,,,,,,,2.0,,,,,,,,,,,,,,,,,,,,,,,,,,,1.0,,,,,,,,,,,,,1.0,,,,,,,,,,,,,,,,,,,,,,,,,,,,,,,,,,,,,,,,,,,,,,,,,,,,,4.0,,,,,,,,,,,,,,,,,,,,,,,,,,,,,,,,,,,,,,,,,4.0,,2.0,2.0,,,,,1.0,,,,,,,,,,,,,,,,,,,,,,,,,,,,,,,,,,,,,,,,,,,,,
HUN,8.0,,,,,,,,,,,,,,,,,,2.0,,,,,,,,,,,2.0,,,,,,,,,,,,,,1.0,,,,,,,,,,,,,1.0,,2.0,,,,,,,,,,,,,,3.0,,,,,8.0,,,,,1.0,,,,,4.0,,,,,,2.0,,,,,,,,,5.0,,,,,,,,,,,,,,,,,,,,,,,,,,,,,,,,,,,,,,,,,,,,,,,,10.0,,32.0,30.0,,,,4.0,2.0,,,3.0,,,1.0,,,,,,1.0,,,,,,,,,,,,,,,,,,,,,,,,,,,,,1.0,,,,
LIE,,,,,,,,,,,,,,,,,,,,,,,,,,,,,,,,,,,,,,,,,,,,,,,,,,,,,,,,,,,,,,,,,,,,,,,,,,,,,,,,,,,,,,,,,,,,,,,,,,,,,,,,,,,,,,5.0,,,,,,,,,,,,,,,,,,,,,,,,,,,,,,,,,,,,,,,,,,,,,,,,,,,,,,,,,,,,,,,,,,,,,,,,,,,,,,,,,,,,,,,,,,,,,,
MAR,24.0,,,,,,,,,,,,,,,,,1.0,,,,,,,,,,,3.0,,,,,,,,,,,,,,,3.0,,,,,,,,,,,,,,,,,,,,,,2.0,,,,,,,,,,,,,,,,,,,,,,29.0,,,,,,7.0,1.0,,,,,,1.0,,34.0,,2.0,,,,,2.0,,,,,,,,,,,,1.0,,,,,,,,,,,,,,,,,,,,,,,,,4.0,,,,9.0,,29.0,26.0,,,9.0,1.0,12.0,,,,,,,,,,,,,,2.0,11.0,,,4.0,,,,,,,,,,,,,,,,,,,,,,,1.0,,,,
GNB,,,,,,,,,,,,,,,,,,,,,,,,,,,,,,,,,,,,,,,,,,,,,,,,,,,,,,,,,,,,,,,,,,,,,,,,,,,,,,,,,,,,,,,,,,,,,,,,,,,,,,,,,,2.0,,,,,,,,,,,,,,,,,,,,,,,,,,,,,,,,,,,,,,,,,,,,,,,,,,,,,,,,,,,,,,,,,,,,,,,,,,,,,,,,,,,,,,,,,,,,,,,,,,
SAS,1.0,,,,,,,,,,,,,,,,,6.0,1.0,,,,,,,,,,3.0,,,,,,,,,,,,,,,1.0,,,,,,,,,,,,,,,,,,,,,,,,,,,,,,,,,,,,,,,,,,,,,,,,,,,,,,,,,,,,,3.0,,,,,,,,,,,,,,,,,,,,,,,,,,,,,,,,,,,,,,,,,,2.0,,,,,,4.0,4.0,,,,3.0,3.0,,,,,,,1.0,2.0,,,,2.0,1.0,,,,,,,,,,,,,,,,,,,,,,,,,,,4.0,,,,,
SWE,7.0,,,,,,,,,,,,,,,,3.0,4.0,2.0,,,,,,,,,,4.0,,,,,,,,,,,,,,,7.0,1.0,,,,,,,4.0,,,,,,,2.0,,,,,,,,,,,,1.0,,1.0,,,,,,,,,,,,,,,1.0,,,,,,,2.0,,,,,,,,7.0,,2.0,2.0,,,,5.0,,,,,,,,,,,,,,,,,,,,,,,,,,,,2.0,,,,,,,,1.0,3.0,,,,5.0,,3.0,4.0,,,7.0,5.0,7.0,,,,,,,6.0,,,,,,1.0,,1.0,,,10.0,,,,,,2.0,,,,,,,,,,,,,,,,1.0,4.0,,,,
URY,5.0,,,,,,,,,,,,,,,,,,,,,,,,,,,,,,,,,,,,,,,,,,,,,,,,,,,,,,,,,,,,,,,,,,,,,,,,,,,,,,,,,,,,,,,,,,,,,,,,,,,,,,,,,,,,,,,,,,,,,,,,,,,,,,,,,,,,,,,,,,,,,,,,,,4.0,,,,,,,,,,,,,,,,,,10.0,,,,,,,,,,,,,,,,,,,,,,,,,,,,,,,,,,,,,,,
GAB,10.0,,,,,,,,,,,,,,,,,,,,,,,,,,,,,,,,,,,,,,,,,,,,,,,,,,,,,,,,,,,,,,,,,,,,,,,,,,,,,,,,,,,,,,,,,,,,,,,,,,,,,,,,,,,,,1.0,,,,,,,,,,,,,,,,,,,,,,,,,,,,,,,,,,,,,2.0,,,,,,1.0,2.0,,,,,,,,,,,,,,,,,,,,,,,,,,,,,,,,,,,,,,,,,,,,,,,,,,
TCD,9.0,,,,,,,,,,,,,,,,,,,,,,,,,,,,1.0,1.0,,,,,,,,,,,,,,,2.0,,,,,,,,,,,,1.0,,,,,,,,,,,,,,,,,,,,,,,,,,1.0,,,,,7.0,,,,,,,,,,,,,,,7.0,,1.0,1.0,,,,,,,,,,,,,,,,,,,,,,,,1.0,,,4.0,,,,,,,,,,,,,,1.0,,,,,,4.0,4.0,,,4.0,,5.0,,,,,,,,,,,,,4.0,,,,,,,,,,,,,,,,,,2.0,,,,,,,,,,,,,,
BLZ,4.0,,,,,,,,,,,,,,,,,,,,,,,,,,,,1.0,,,,,,,,,,,,,,,,,,,,,,,,,,,,,,,,,,,,,,,,,,,,,,,,,,,,,,,,,1.0,,1.0,,,,,,,,,,,,,,,4.0,,,1.0,,,,1.0,,,,,,,,,1.0,,,,,,,,,,,,,,,,,,,,,,,,,,,,,,,,4.0,,6.0,6.0,,,,,2.0,,,,,,2.0,,,,,,,,,,,,,,,,,1.0,,,,,,,,,,,,,,,,,,1.0,,,,
FJI,8.0,5.0,,,,,,,,,,,,,,3.0,2.0,,2.0,,,,,,,,,,13.0,,,,,,,,,,,,,,,3.0,,,,,,,,,,,,,1.0,,,,,,,,,,,,,,,,,,,,,3.0,,,,3.0,,,,,,4.0,,,,1.0,,,,,,,,,,,2.0,,,,,,,3.0,,,,,,,,,,,,,,,,,,,,,,,1.0,,,,,,,,,,,,,,3.0,,,,,,29.0,31.0,,,,,11.0,,,,,,,4.0,,,,,,,,,,4.0,,,,,,,,,,,,,,,,,,,,,,,,3.0,2.0,,,
HND,,,,,,,,,,,,,,,,,,,,,,,,,,,,,,2.0,,,,,,,,,,,,,,,,,,,,,,,,,,,1.0,,,,,,,,,,,,,,,,,4.0,,,,,,,,,,,,,,1.0,,,,,,,,,,,,,,,,,,,,,,5.0,,,,,,,,,,,,,,,,,,,,,,,,,,,,,,,,,,,,,,,,,15.0,,6.0,4.0,,,11.0,,,,,,,,12.0,,,,1.0,,,,,,,,,,,,,,,,,,1.0,,,,,,,,,,,,,,,,,
LCA,2.0,,,,,,,,,,,,,,,,,,,,,,,,,,,,1.0,,,,,,,,,,,,,,,,,,,,,,,,,,,,,,,,,,,,,,,,,,,,,,,,,,,,,,,,,,,,,,,,,,,,,,,,,,,,,,,,,2.0,,,,,,,,,,,,,,,,,,,,,,,,,,,,,,,,,,,,,,,,,,,1.0,1.0,,,,,7.0,,,,,,,2.0,,,,,,,,,,,,,,,,,,,,,,,,,,,,,,,,,,,,,,
CHL,7.0,1.0,,,,,,,,,,,,,,,2.0,2.0,4.0,,,,,,,,,,,2.0,,,,,,,,,,,,,,,,,,,,,,,,,,,,,3.0,,,,,,,,,,,,1.0,,,,,,,,,,,,,,,,,3.0,,,,2.0,,,,,,,,,,,,,,1.0,,,,3.0,,,,,,,,,,,,,,,,,,,,,,,,,,,,,,,,,,,,,26.0,,,,6.0,,4.0,4.0,,1.0,,,2.0,,,,,,1.0,,,,,,2.0,1.0,,,,,,,,,,,,,,,,1.0,,,,,,,,,,,,,,,,
COD,6.0,1.0,,,,,,,,,,,,,,,4.0,4.0,4.0,,,,,,,,,,2.0,2.0,,,,,,,,,,,,3.0,,2.0,,2.0,,,,,,,,,,1.0,2.0,,1.0,,,,,,,,,,,,,,,,,,,1.0,,,,,,,,,,,1.0,,,2.0,,,5.0,,,,,,,,7.0,,,,,,,2.0,,,,,,,,,,,,4.0,,,,,1.0,,,,,,1.0,,,,,,,,,,,1.0,,,2.0,,,,,,14.0,13.0,,,4.0,,2.0,,,,,,,1.0,,,,,,2.0,1.0,,,,2.0,,,,,,,2.0,,,,,,,,,,,,,,,,2.0,,,,
WST,1.0,,,,,,,,,,,,,,,,,,1.0,,,,,,,,,,1.0,2.0,,,,,,,,,4.0,,,,,3.0,4.0,,,,,,,2.0,,,,,1.0,,1.0,,,,,,,2.0,,,,,,2.0,,,,,,,3.0,,,,,,,,,,,,,1.0,,,,,,,,,,,10.0,,,5.0,,,,1.0,,,,,,,,,,,,,,,,,1.0,,,,,,1.0,,,,,,,,,,,,,,6.0,,,,5.0,,3.0,3.0,,,,1.0,8.0,,,,,,,,,,,,,4.0,2.0,,,,,,,,,,,,,,,,,,,,,,,,,,4.0,,,,,
TJK,3.0,,,,,,,,,,,,,,,,,,,,,,,,,,,,,,,,,,,,,,,,,,,3.0,,,,,,,,,,,,,,,,,,,,,,,,,,,,,,,,,,,,,,,,,,,,,,,,,,,,,,,,,,,,,,,,,,,,,,,,,,,,,,,,,,,,,,,,,,,,,,,,,,,,,,,,,,,3.0,,,,,,,,,,,,,,,,1.0,,,,,,,,,,,,,,,,,,,,,,,,,,,,,,,,,,,,,
AIA,,,,,,,,,,,,,,,,,,,,,,,,,,,,,,9.0,,,,,,,,,,,,,,,,,,,,,,,,,,,,,,,,,,,,,,,,,,,,,,,,,,,,,,,,,,,,,,,,,,,,,,,,,,,,,,,,3.0,,,,,,,,,,,,,,,,,,,,,,,,,,,,,,,,,,,,,,,,,8.0,,1.0,1.0,,,,,,,,,,,,,,,,,,,,,,,,,,,,,,,,,,,,,,,,,,,,,,,,,,
RWA,2.0,,,,,,,,,,,,,,,,,,,,,1.0,,,,,,,2.0,1.0,,,,,,,,,,,,,,,,,,,,,,,,,,,,,,,,,,,,,,,,,,,,,,,,,,,,,,,,,,,,,,,,,,,,,,,,,8.0,,,,,,,3.0,,,,,,,,,,,,,,,,,,,,,,,,,,,,,,,,,,,,,,,,,6.0,,4.0,5.0,,,2.0,2.0,6.0,,,,,,2.0,,,,,,5.0,,,,,,,,,,,,,,,,,,,,,,,,,,,,,2.0,,,,
BDI,1.0,,,,,,,,,,,,,,,,,,,,,1.0,,,,,,,,,,,,,,,,,,,,,,1.0,,,,,,,,,,,,,,,,,,,,,,,,,,,,,,,,,,,,,,,,,,,,,,,,,,,,,,,,,,,1.0,,,,,,,,,,,,,,,,,,,,,,,,,,,1.0,,,,,,,,,2.0,,,,,,,,,,,,,,,,,,,,,,,,,,,,,,,,,,,,,,,,,,,,,,,,,,,,,,,,,,,,,,,,,
EAF,,,,,,,,,,,,,,,,,,,,,,,,,,,,,,,,,,,,,,,,,,,,,,,,,,,,,,,,,,,,,,,,,,,,,,,,,,,,,,,,,,,,,,,,,,,,,,,,,,,,,,,,,,,,,,,,,,,,,,,,,,,,,,,,,,1.0,,,,,,,,,,,,,,,,,2.0,,,,,,3.0,3.0,,,,,,,,,,,,,,,,,,,,,,,,,,,,,,,,,,,,,,,,,,,,,,,,,,
CMR,6.0,,,,,,,,,,,,,,,,,,,,,,,,,,,,,,,,,,,,,,,,,,,,,,,,,,,,,,,,,,,,,,,,,,,,,,,,,,,,,,,,,,,,,,,,,,,,,,,,,,,,,,,,,,,,,5.0,,,,,,,,,,,,2.0,,,,,,,,,,,,,,,,,,,,,,,,,,,,,,,8.0,7.0,,,,,,,,,,,,,,,,,,2.0,,,,,,,,,,,,,,,,1.0,,,,,,,,,,,,,,,,
DZA,6.0,,,,,,,,,,,,,,,,,,2.0,,,,,,,1.0,,,,,,,,,,,,,,,,,,5.0,1.0,,,,,,,1.0,,,,,,,,,,,,,,,,,,,,,,,,,,,,,,,,,,,,2.0,,,,,,,,3.0,,,,,,,,,2.0,,,,,1.0,,,,,,,,,,,,,,,,,,,,,,,,,,,,,,,,,,,,,,,,,2.0,,8.0,6.0,,,,,2.0,,,,,,,1.0,2.0,,,,2.0,2.0,,,,,,,,,,,,,,,2.0,1.0,,,,,,,,,,,,,,,,
NRU,,,,,,,,,,,,,,,,,3.0,,,,,,,,,,,,,2.0,,,,,,,,,,,,,,,,,,,,,,,,,,,,,,,,,,,,,,,,,,,,,,,,,,,,,3.0,,,,,,,,,,,,,,,,,,,,,,,,,,,,,,,,,,,,,,,,,,,,,,,,,,,,,,,,,,,,,,,,,,,,,,,,,,,,,,,,,,,,,,,,,,,,,,,,,,,,,,,,,,,,,,,,,,,,,,,,,
TZA,2.0,,,,,,,,,,,,,,,,,,,,,,,,,,,,2.0,,,,,,,,,,,,,,,,,,,,,,,,,,,,,,,,,,,,,,,,,,,,,,,,,,,,,,3.0,,,,,2.0,,,,,,6.0,,,,,,,,,2.0,,2.0,,,,,1.0,3.0,,,,,,,,,3.0,,,,,,,,,,,,,1.0,,,,,,,,,,,,,,,,,,2.0,,2.0,2.0,,,2.0,,2.0,,,,,,2.0,,,,,,,,,,,,,,,,,,,,,,,,,,,,,,,,,,,,,,,
BMU,3.0,,,,,,,,,,,,,,,,,,,,,,,,,,,,,1.0,,,,,,,,,,,,,,1.0,,,,,,,,,,,,,,,,,,,,,1.0,,,,,,,,,,,,,,,,,,,,,,,1.0,,,,1.0,,,,,,,,,,,,,,,,,,2.0,,,,,,,,,,,,,,,,,,,,,,,,,,,,,,,,,,,,,,,,,2.0,,,,,,,,1.0,,,,,,,,,,,,,,,,,,,,,,,,,,,,,,,,,,,,,,,,,,,,,
TGO,,,,,,,,,,,,,,,,,,,,,,,,,,,,,1.0,,,,,,,,,,,,,,,,,,,,,,,,,,,,,,,,,,,,,,,,,,,,,,,,,,,,,,,,,,,,,,,,,,,,,,,,,,,,,,,,,,,,,,,,,,,,,,,,,,,,,,,,,,,,,,,,,,,,,,,,,,,,1.0,1.0,,,,,,,,,,,2.0,,,,,,,,,,,,1.0,,,,,,,,,,,,,,,,,,,,,,,,,,,
GRD,,,,,,,,,,,,,,,,,,,,,,,,,,,,,,,,,,,,,,,,,,,,,,,,,,,,,,,,,,,,,,,,,,,,,,,,,,,,,,,,,,,2.0,,,,,2.0,,,,3.0,,,,,,,,,,,1.0,,,,,,,1.0,,,,,,,,,,,,,,,,,,,,,,,,,,,,,2.0,,,,,,,,,,,,,,3.0,3.0,,,,,1.0,,,,,,,,,,,,,,,,,,,,,,,,,,,,,,,,,,,,,,,,,5.0,,,,
MLT,10.0,,,,,,,,,,,,,,,,3.0,3.0,1.0,,,,,,,,,,2.0,2.0,,,,,,,,,,,,,,1.0,,,,,,,,,,,,,,,,,,1.0,,,,,,,,,,2.0,,,,,,,,,,,,,,,,2.0,,,,,,,,,,,,,,,6.0,,,,,,,9.0,,,,,,,,,,2.0,,,,,,,,,,,,,,,,,,,,,,,,,,,9.0,,,,7.0,,10.0,8.0,,,,,5.0,,,,,,,,,,,,5.0,,,9.0,,,1.0,,,,,,,1.0,,,,,,,,,,,,,,,,2.0,,,,
NER,3.0,,,,,,,,,,,,,,,,,,,,,,,,,2.0,,,,,,,,,,,,,,,,,,,1.0,,,,,,,,,,,,,,,,,,,,,,,,,,,,,,,,,7.0,,,,,,,,,,2.0,,,,4.0,,,,,,,,,,,8.0,,2.0,2.0,,,,1.0,,,,,,,,,,,,,,,,,,,,,,,2.0,,,,,,,,,,,,,,,,,,,,14.0,14.0,,,,,3.0,,,,,,,,,,,,3.0,,,2.0,,,,,,,,,,,,,,,,,,,,,,,,,,,,,,
SUR,1.0,,,,,,,,,,,,,,,,,,,,,,,,,,,,,,,,,,,,,,,,,,,,,,,,,,,,,,,,,,,,,,,,,,,,,,,1.0,,,,,,,,,,,,,,,,,,,,,,,,,,,,,,,,,,,,,,2.0,,,,,,,,,,,,,,,,,,,,,,,,,,,,,,,,,,,,,,,,,,,,,,,,,,,,,,,,,,,,,,,,,,,,,,,,,,,,,,,,,,,,,,,,,,,,,,
MUS,,,,,,,,,,,,,,,,,,,,,,,,,,,,,,,,,,,,,,,,,,,,,,,,,,,,,,,,,,,,,,,,,,,,,,,,,,,,,,,,,,,,,,,,,,,,,,,,,,,,,,,,,,1.0,,,,,,,,,,,,,,,,,,,,,,,,,,,,,,,,,,,,,,,,,,,,,,,3.0,3.0,,,,,,,,,,,,,,,,,,,,,,,,,,,,,,,,,,,,,,,,,,,,,,1.0,,,,
TTO,1.0,,,,,,,,,,,,,,,,1.0,1.0,,,,,,,,,,,,,,,,,,,,,,,,,,1.0,,,,,,,,,,,,,,,,,,,,,,,,,,,1.0,,,,,,,1.0,,,,,2.0,,,,,1.0,,,1.0,,,,,,,,,,,,5.0,,,,,,,4.0,,,,,,,,,,,,,,,,,,,,,,,,,,,,,,,,,,,,,,,,,,,1.0,1.0,,,,,,,,,,,,,,,,,1.0,,,1.0,,,,,,,,,,,,,,,,,,,,,,,,,,1.0,,,,
KAZ,4.0,,,,,,,,,,,,,,,,1.0,,2.0,,,,,,,,,,2.0,4.0,,,,,,,,,,,4.0,,,,,,,,,,,,,,,,,,,,,,,,,,,,,,,,,,,,,,,,,,,,,,,,,,,,,,,,,,,,,,,,1.0,,,,,1.0,,,,,,,,,,,,,,,,,,,,,,,6.0,,,,,,,,,,,,,,14.0,,,,4.0,,9.0,13.0,,,,,,,,,,,,,,,,,,,,,,,,,,,,,,,,,,,,,,,,,,,,,,,,,,
AGO,2.0,,,,,,,,,,,,,,,,,,,,,,,,,,,,,,,,,,,,,,,,,,,,,,,,,,,,,,,,,,,,,,,,,,,,,,,,,,,,,,,,,,,,,,,,,,,,,,,,,,,,,,,,,,,,,5.0,,,,,,,,,,,,,,,,,,,,,,,,,,,,,,,,,,,,,4.0,,,,,,14.0,13.0,,,,,,,,,,,,1.0,,,,,3.0,,6.0,,,,,,,,,,,,,,1.0,,,,3.0,,,,,,,,,,,,,
BOL,1.0,,,,,,,,,,,,,,,,,,,,,,,,,,,,,,,,,,,,,,,,,,,,,,,,,,,,,,,,,,,,,,,,,,,,,,,,,,,,,6.0,,,,,,,,,,,,,,,,,,,,,,,,,,,,,,,,1.0,,,,,,,,,,,,,,,,,,,,,,,,,,,,,,,,,,,,,,,,,,,7.0,7.0,,,,,1.0,,,,,,4.0,,,,,,,,,,,,,,,,,,,,,,,,,,,,,,,,,,,,,,,
LBR,4.0,,,,,,,,,,,,,,,,,3.0,,,,,,,,,,,,,,,,,,,,,,,,,,2.0,,,,,,,,,,,,,,,,,,,,,,,,,,,,2.0,,,,,,,,,,,,,,,,,,,,1.0,,,,,,,,,,,,,,,,,,,,,,,,,,,,,,,,,,,,,,,,,,,,,,,,,,,,,,,,,,,,,3.0,4.0,,,,,3.0,,,,,,,,,,,,,1.0,,,,,,,,,,,,,,,1.0,1.0,,,,,,,,,,,,3.0,,,,
FSM,,,,,,,,,,,,,,,,,2.0,,,,,,,,,,,,,2.0,,,,,,,,,,,,,,,,,,,,,,,,,,,,,,,,,,,,,,,,,,,,,,,,,,,,,,,,,,,,,,,,,,,,,,,,,,,,,,,,,,,,,,,,,,,,,,,,,,,,,,,,,,,,,,,,,,,,,,,,,,,4.0,4.0,,,,,,,,,,,,,,,,,,,,,,,,,,,,,,,,,,,,,,,,,,,,,,,,,,
LBY,1.0,,,,,,,,,,,,,,,,,3.0,,,,,,,,,,,,2.0,,,,,,,,,,,,,,1.0,,,,,,,,,,,,,,,,,,,,,,,,,,,,2.0,,,,,,,,1.0,,,,,,,,5.0,2.0,,,,1.0,1.0,,1.0,,,1.0,,2.0,,22.0,,,2.0,,,,2.0,,,,,,,,,,,,,,,,,,,,2.0,,,,,,,,,,,,,,,,,2.0,,,,18.0,,9.0,9.0,,,8.0,,13.0,,,,,,2.0,,,,,,2.0,,3.0,,,,,,,,,,,,,,,6.0,,,,,,,,,,,6.0,,,,,
MHL,,,,,,,,,,,,,,,,,3.0,,,,,,,,,,1.0,,,2.0,,,,,,,,,,,,,,,,,,,,,,,,,,,,,,,,,,,,,,,,,,,,,,,,,,,,,,,,,,,,,,,,,,,,,,,,,,,,,,,,,,,,,,,,,,,,,,,,,,,,,,,,,,,,,,,,,,,,,,,,,,,,,,,,,,,,,,,,,,,,,,2.0,,,,,,,,,,,,,,,,,,,,,,,,,,,,,,,,
PLW,,,,,,,,,,,,,,,,,2.0,,,,,,,,,,,,,3.0,,,,,,,,,,,,,,,,,,,,,,,,,,,,,,,,,,,,,,,,,,,,,,,,,,,,,,,,,,,,,,,,,,,,,,,,,,,,,,,,,,,,,,,,,,,,,,,,,,,,,,,,,,,,,,,,,,,,,,,,,,,,,,,,,,,,,,,,,,,,,,,,,,,,,,,,,,,,,,,,,,,,,,,,,,,,,,
CAS,,,,,,,,,,,,,,,,,,,,,,,,,,,,,,,,,,,,,,,,,,,,,,,,,,,,,,,,,,,,,,,,,,,,,,,,,,,,,,,,,,,,,,,,,,,,,,,,,,,,,,,,,,,,,,,,,,,,,,,,,,,,,,,,,,,,,,,,,,,,,,,,,,,,,,,,,2.0,2.0,,,,,,,,,,,,,,,,,,,,,,,,,,,,,,,,,,,,,,,,,,,,,,,,,,
PNG,1.0,2.0,,,,,,,,,,,,,,,,2.0,,,,,,,,,,,,1.0,,,,,,,,,,,,,,,,,,,,,,,,,,,1.0,,,,,,,,,,,,,,,,,,,,,,,,,,,,,,,3.0,,,,,,,,,,,,,,,,,,,,,,2.0,,,,,,,,,,,,,,,,,,,,1.0,,,,,,,1.0,,,,,,,,,,,,,,,,6.0,6.0,,,,,2.0,,,,,,,,,,,,,2.0,,,,,,,,,,,,,,,1.0,,,,,,,,,,,,,,,,,
GIN,1.0,,,,,,,,,,,,,,,,,,,,,,,,,,,,,,,,,,,,,,,,,,,,,,,,,,,,,,,,,,,,,,,,,,,,,,,,,,,,,,,,,,,,,,,,,,,,,,,,,,,,,,,,,2.0,,,,,,,,,,,,,,,,,,,,,,,,,,,,,,,,,,,,,,,,,,,,,4.0,,4.0,4.0,,,,2.0,,,,,,,,1.0,,,,,,,,,,,,,,,,,,,,,,,,,,,,,,,,,,,,,,
KNA,2.0,1.0,,,,,,,,,,,,,,,,1.0,,,,,,,,,,,1.0,1.0,,,,,,,,,,,,,,,1.0,,,,,,,,,,,,,,,,,,,,,,,,,,,,,,,,,,,,,,,,,,,,,,,,,2.0,,,,,,,,,,,,,,,,,,,,,,,,,,,,,,,,,,,,,,,1.0,,,,,,,,,,,,,,,,,,,,2.0,2.0,,,,,7.0,,,,,,,,,,,,,,,,,,,,,,,,,,,,,,,,,,,,,,,,,,,,,
MOZ,16.0,,,,,,,,,,,,,,,,1.0,,5.0,,,,,,,,,,,,,,,,,,7.0,,,,,,,,,,,,,,,,,,,,,,,,,,,,,,,,,,,,,,,,,,,,,,,,,,,14.0,,,,,,,,,,,,,,,2.0,,,,,,,1.0,,,,,,,1.0,,,,,,,,,,,,,,,,2.0,,,,,,,,,,,,,,,,,,,,2.0,2.0,,,,,2.0,,,,,,,,1.0,,,,,2.0,,,,,,,,,,,,,,,,,,,,,,,,,,,,3.0,,,,
MKD,2.0,,,,,,,,,,,,,,,,,,,,,,,,,,,,,2.0,,,,,,,,,,,,,,,,,,,,,,,,,,,,,,,,,,,,,,,,,,,,,,,,,,,,,,,,,,,,,,,,,,,,,,,,,,,,,,,,2.0,,,,,,,,,,,,,,,,,,,,,,,,,,,,,,,,,,,,,,,,,,,,,,,,,2.0,,,,,,,3.0,,,,,2.0,,,,,,,,,,,,,,,,,,,,,,,,,,,,,,,,,
MLI,2.0,,,,1.0,,,,,,,,,,,,,4.0,2.0,,,1.0,,,,,,,,,,,,,,,,,,,,,,3.0,,,,,,,,,,,,,,,,,,,,,,,,,,,,,,,,,,,,,,,,,,,,4.0,,,,2.0,,,,,,,,,,,16.0,,,,,,,,2.0,,,,,,,,,,,,,,,,,,,,,,,,,,,1.0,,,,,,,,,,,,,10.0,,2.0,2.0,,,2.0,,,,,,,,,,,,,,,1.0,,,,,,,,,,,,,,,,,,,,,,,,,,,,,,,,
VUT,1.0,,,,,,,,,,,,,,,,,,,,,,,,,,,,,,,,,,,,,,,,,,,,,,,,,,,,,,,,,,,,,,,,,,,,,,,,,,,,,,,,,,,,,,,,,,,,,,,,,,,,,,,,,,,,,,,,,,,,,,,,,,,,,,,,,,,,,,,,,,,,,,,,,,,,,,,,,,,,,,,,,,,,3.0,,,,,,,,,2.0,,,,,,,,,,,,,,,,,,,,,,,,,,,,,,
CRI,3.0,,,,,,,,,,,,,,,,,,,,,,,,,,,,,,,,,,,,,,,,,,,1.0,,,,,,,,,,,,,,,,,,,,,,,,,,,,,,,,,,,,,,,2.0,,,,,,,,,,,,,,,,,,,,,,,,,,,4.0,,,,,,,,,,1.0,,,,,,,,,,,,,,,,,,,,,,,,,,,,,,,,,4.0,4.0,,,4.0,,,,,,,,,,,,,,,,,,,,,,,,,,,,,,,,,,,,,,,,,,,2.0,,,,
SSD,4.0,,,,,,,,,,,,,,,,,,4.0,,,,,,,,,,,,,,,,,,,,,,,,,1.0,,,,,,,,,,,,,,,,,,,,,,,,,,1.0,,,1.0,,,,,,,,,,,,,,,6.0,,,,1.0,,,,,,,,,,,4.0,,,,,,,,,,,,,,,,,,,,,,,,,,,2.0,1.0,,,,,,,,,,,,,,,,,,,,2.0,,8.0,8.0,,,2.0,,7.0,,,,,,2.0,,,,,,,,,,2.0,,,,,,,,,1.0,,,,,,,,2.0,,,,,,,,1.0,,,,
PGS,,2.0,,,,,,,,,,,,,,,,,1.0,,,,,,,,,,,,,,,,,,,,,,,,,,,,,,,,,,,,,,,,,,,,,,,,,,,,,,,,1.0,,,,,,,,,,,,,2.0,,,,,,,,,,,,,,,,,,,,,,4.0,,,,,,,,,,,,,,,,,,,,,,,,,,,,,,,,,,,,,,,,,,,2.0,2.0,,,,1.0,,,,,,,9.0,,1.0,,,,,,,,,,,,,,,,,,,,,,,,,,,,,,,,,,,,,
CIV,,,,,,,,,,,,,,,,,,,,,,,,,,,,,,,,,,,,,,,,,,,,,,,,,,,,,,,,,,,,,,,,,,,,,1.0,,,,,,,,,,,,,,,,,,,1.0,,,,,,,,,,,,,,,9.0,,,,,,,,,,,,,,,,,,,,,,,,,,,,,,,,,,,,,,,,,,,,,,,,6.0,,,,,,4.0,,1.0,,,,,,,,2.0,,,,,2.0,,,,,,,,,,,,,,,,,,,,,,,,,,,,,,,,
WSM,6.0,,,,,,,,,,,,,,,3.0,2.0,,,,,,,,,,,,4.0,,,,,,,,,,,,,,,,,,,,,,,,,,,,,,,,,,,,,,,,,,,,,,,,,,,,,,,,,,,,1.0,,1.0,,,,,,,,,,,,,,,,,,,3.0,,,,,,,,,,,,,,,,,,,,,,,,,,,,,,,,,,,,,4.0,,,,2.0,,,,,,,,2.0,,,,,,,,,,,,,,,,,,,,,,,,,,,,1.0,,,,,,,,,,,,,,,,,
LUX,1.0,,,,,,,,,,,,,,,,,,,,,,,,,3.0,,,5.0,,,,,,,,,,,,,,,3.0,,,,,,,,,,,,,,,,,,,,,,,,,,,,,,,,,,2.0,,,,,,,,,,,,,,,,,,,,,,,,,2.0,,,,,,,2.0,,,,,,,,,,,,,1.0,,,,,,,,,,,,,,,,1.0,,,,,,,,6.0,,,,,,5.0,5.0,,1.0,,,3.0,,,,,,2.0,1.0,,,,,1.0,,,,,,,2.0,,,,,,1.0,,,,1.0,,,,,,,,,,,2.0,1.0,,,,
ISL,3.0,,,,,,,,,,,,,,,,,,,,3.0,,,,,,,,,,,,,,,,,,,,,,,2.0,,,,,,,,,,,,,,,,,,,,,1.0,,,,,,,,,,,,,1.0,,,,,,,,,,7.0,,,,,,2.0,,,,,,,,,1.0,,,,,,,1.0,,,,,,,,,,,,,,,,,,,,,,,4.0,,,,,,,,,,,,,,,,,,,,8.0,7.0,,,,,2.0,,,,,,,,3.0,,,,,,,,,,,,,,,,,,,,,,,,,,,,,,,,,2.0,,,,
CYM,,,,,,,,,,,,,,,,,1.0,,,,,,,,,,,,1.0,,,,,,,,,,,,,,,,,,,,,,,,,,,,,,,,,,,,,,,,,,,,,,,,,1.0,,,,,,,,,,,,,,,,,,,,,,,,,,,,,,,,1.0,,,,,,,,,,,,,,,,,,,,,,,,,,,,,,,,,,1.0,,,,,,,,,,,,,,,,,,,,,,,,,,,,,,,,,,,,,,,,,,,,,,,,,,,,,,,,,,,1.0,
EST,,,,,,,,,,,,,,,,,1.0,,,,,,,,,,,,1.0,,,,,,,,,,,,,,,,,,,,,,,,,,,,,,,,,,,,,,,,,,,,2.0,,,,,,,,,,,,,,,,,,,,,,,,,,,,,,,,,,,,,,,,,,,,,,,,,,,,,,,,,,,,,,,,,,,,,,,,,,7.0,,,,,,,,,,2.0,,2.0,,,,,,,,,,,,1.0,,,,,,,,,,,,,,,,,,,,,,,,,,,,,,,,,
ATG,,,,,,,,,,,,,,,,,,,,,,,,,,,,,,,,,,,,,,,,,,,,,,,,,,,,,,,,,,,,,,,,,,,,,,,,,,,,,,,,,,,1.0,,,,,2.0,,,,2.0,,,,,,,,,,,,,,,,,,,,,,,,,,,,,,,,,,,,,,,,,,,,,,,,,,,,,,,,,,,,,,,,,,,,,,,,,,,,,,,,,,,,,,,,,,,,,,,,,,,,,,,,,,,,,,,,
COK,2.0,,,,,,,,,,,,,,,,,,,,,,,,,,,,,,,,,,,,,,,,,,,,,,,,,,,,,,,,,,,,,,,,,,,,,,,,,,,,,,,,,,,,,,,,,,,,,,,,,,,,,,,,,,,,,4.0,,,,,,,,,,,,,,,,,,,,,,,,,,,,,,,,,,,,,,,,,,,,,,,,,,,,,,,,,,,,,,3.0,,,,,,,,,,,,,,,,,,,,,,,,,,,,,,,,
SVK,2.0,,,,,,,,,,,,,,,,,,,,,,,,,,,,,,,,,,,,,,,,,,,,3.0,,,,,,,,,,,,,,,,,,,,,,,,,,,4.0,,,,,,,,,,,,,,,,,,,,,,,,,,,,,,,1.0,,,,,,,,,,,,,,,,,,,,,,,,,,,,,,,,,,,,,,,,,,,,,,,,,,2.0,2.0,,,,,1.0,,,,,,,,,,,,,,,,,,,,,,,,,,,,,,,,,,,,,,,,,,,,,
LVA,5.0,,,,,,,,,,,,,,,,,,,,,,,,,,,,2.0,2.0,,,,,,,,,,,,,,,,,,,,,,,,,,,,,,,,,,,,,,,,,,,,,,,,,,,,,,,,,,,,,,,,,,,,,,,,,3.0,,,,,,,3.0,,,,,,,,,,,,,,,,,,,,,,,,,,,,,,,,,,,,,,,,,,,,,,,,,,,,,,,,,,,,,,,,,,2.0,,,,,,,,,,,,,,,,,,,,,,,,,,,,
SLB,,,,,,,,,,,,,,,,,,,,,,,,,,,,,,,,,,,,,,,,,,,,,,,,,,,,,,,,,,,,,,,,,,,,,,,,,,,,,,,,,,,,,,,,,,,,,,,,,,,,,,,,,,,,,,,,,,,,,,,,,,,,,,,,,,,,,3.0,,,,,,,,,,,,,,,,,,,,4.0,4.0,,,,,,,,,,,,,,,,,,1.0,,,,,,,,,,,,,,,,,,,,,,,,,,,,,,,,
TMP,,,,,,,,,,,,,,,,,,,,,,,,,,,,,,,,,,,,,,,,,,,,,,,,,,,,,,,,,,,,,,,,,,,,,,,,,,,,,,,,,,,,,,,,1.0,,,,,,,,,,,,,,,,,,,,,,,,,,,,,,,,,,,,,,,,,,,,,,,,,,,,,,,,,,,9.0,,,,,,,,,,,,,,,,,,,,,,,,,2.0,,,,,3.0,,,,,,,,,,,,,,,,,,,,,,,,,,,
BGR,2.0,,,,,,,,,,,,,,,,,,,,,,,,,,,,,,,,,,,,,,,,,,,,,,,,,,,,,,,,,,,,,,,,,,,,,,,,,,,,,,,,,,,,,,,,,,,,,,,,,,,,,,1.0,,,1.0,,,,,,,,,,,,,,,,,,,,,,,,,,,1.0,,,,,,,,,,,,,,4.0,,,,,,,,,,,,,,,,,,,,,,,,,,,,,,,,,,,,,,,,,,,,,,,,,,,,,5.0,,,,
CRB,,,,,,,,,,,,,,,,,,,,,,,,,,,,,,,,,,,,,,,,,,,,,,,,,,,,,,,,,,,,,,,,,,,,,,,,,,,,,,,,,,,,,,,,3.0,,,,,,,,,,,,,,,,,,,,,,,,,,,,,,,,,,,,,,,,,,,,,,,,,,,,,,,,,,,,,,,,,,,,,2.0,,4.0,,,,,,,,,,,,,,,,,,,,,,,,,,,,,,,,,,,,,,,,,,,,,
VCT,,,,,,,,,,,,,,,,,,4.0,,,,,,,,,,,,,,,,,,,,,,,,,,,,,,,,,,,,,,,,,,,,,,,,,,,,,,,,,,,,,,,,,,,,,,6.0,,,,,,,,,,,,,,,,,,,,,,,,,,,,,,,,,,,,,,,,,,,,,2.0,,,,,,,,,,,,,,2.0,,,,4.0,,2.0,2.0,,,,,3.0,,,,,,,,,,,,1.0,,,,,,,5.0,,,,,,,,,,,,,,,,,,,,,1.0,,,,,
ASA,,,,,,,,,,,,,,,,,,,,,,,,,,,,,,,,,,,,,,,,,,,,,,,,,,,,,,,,,,,,,,,,,,,,,,,,,,,,,,,,,,,,,,,,,,,,,,,,,,,,,,,,,,,,,,,,,,,,,,,,,,,,,,,,,,,,,,,,,,,,,,,,,,,,,,,,,,,,,,,,,,,,,,,,,,,,1.0,,,,,,,,,,,,,,,,,,,,,,,,,,,,,,,,
TKM,10.0,,,,,,,,,,,,,,,,,,,,,,,,,,,,,,,,,,,,,,,,,,,,,,,,,,,,,,,,,,,,,,,,,,,,,,,,,,,,,,,,,,,,,,,,,,,,,,,,,,,,,,,,,,,,,,,,,,,,,,,,,,,,,,,,,,,,,,,,,,,,,,,,,,4.0,,,,,,,,,,,,5.0,,,,,,,2.0,,,,,,,,,,,2.0,,,,,,,,,,,5.0,,,,,,,,,,,,,,,,
BWA,2.0,,,,,,,,,,,,,,,,,,,,,,,,,,,,,,,,,,,,,,,,,,,,,,,,,,,,,,,,,,,,,,,,,,,,,,,,,,,,,,,,,,3.0,,,,,,,,,,,,,,,,,,,,,,,,,,,,,,,,,,,,,,,,,,,,,,,,,,,,,,,,,,,,,,,,,,,,,,,,,,,,,,,,,,,,,,,,,,,,,,,,,,,,,,,,,,,,,,,,,,,,,,,,,
UZB,,,,,,,,,,,,,,,,,,,,,,,,,,,,,,,,,,,,,,,,,,,,,,,,,,,,,,,,,,,,,,,,,,,,,,,,,,,,,,,,,,,,,,,,,,,,,,,,,,,,,,,3.0,,,,,,,,,,,,,,,,,,,,,,,,,,,,,,,,,,,,,,,,,,,,,,,,,,,,,,,,2.0,,,,,,,,,,,,,,,,,,,,,,,,,,,,,,,,,,,,,3.0,,,,,,,,
HKG,1.0,,,,,,,,,,,,,,,,,,,,,,,,,,,,,,,,,,,,,,,,,,,,,,,,,,,,,,,,,,,,,,,,,,,,,,,,,,,,,,,,,,,,,,,,,,,,,,,,,,,,,,,,,,,,,,,,,,,,,,,,,,,,,,,,,,,,,,,,,,,,,,,,,,,,,,,,,,,,,,,,,,,,,,,,,,,,,,,,,,,,,,,,,,1.0,,,,,,,,,,,,,,,,,
MWI,7.0,,,,,,,,,,,,,,,,,1.0,3.0,,,,,,,1.0,,,,5.0,,,,,,,,,,,,,,4.0,,,,,,,,,,,,,,,,,,,,,,,,,,,,,,,,,,,,,,,,,,,,3.0,,,,,,2.0,,,2.0,,,,,,6.0,,,,,,,10.0,,,,,,,,,,,,,,,,,,,,,,,,,,,,,,,,,,,,,,,,,1.0,,6.0,6.0,,,,,8.0,,,,,,,,,,,,,1.0,,2.0,,,7.0,,,,,,,,,,,,,,,,,,,,,,1.0,,,,1.0,
COM,,,,,,,,,,,,,,,,,,,,,,,,,,,,,,,,,,,,,,,,,,,,,,,,,,,,,,,,,,,,,,,,,,,,,,,,,,,,,,,,,,,,,,,,,,,,,,,,,,,,,,,,,,,,,,,,,,,,,,,,,,,,,,,,,,,,,,,,,,,,,,,,,,,,,,,,,,,,,,,3.0,,,,,,,,,,,,,,,,,,,,,,,,,,,,,,,,,,,,,,,,,1.0,,,,
CPV,,,,,,,,,,,,,,,,,,,,,,,,,,,,,,,,,,,,,,,,,,,,,,,,,,,,,,,,,,,,,,,,,,,,,,,,,,,,,,,,,,,,,,,,,,,,,,,,,,,,,,,,,,,,,,,,,,,,,,,,,,,,,,,,,,,,,,,,,,,,,,,,,,,,,,,,,,,,,,,12.0,,,,,,,,,,,,,,,,,,,,,,,,,,,,,,,,,,,,,,,,,,,,,
DJI,3.0,,,,,,,,,,,,,,,,,,2.0,,,,,,,,,,,,,,,,,,,,,,,,,,,,,,,,,,,,,,,,,,,,,,,,,,,,,,,,,,,,,,,,,,,,,,,,,,,,,,,,,,,,8.0,,,,,,,,,,,,,,,,,,,,,,,,,,,,,,6.0,,2.0,,,,,,,,,,,5.0,,,,,,,3.0,3.0,,5.0,,,,,,,,,,,2.0,6.0,,,,,,,,,,,1.0,,,,,,,,,,,,,,,,,,,,1.0,,,,,
MAC,,,,,,,,,,,,,,,,,,,,,,,,,,,,,,,,,,,,,,,,,,,,,,,,,,,,,,,,,,,,,,,,,,,,,,,,,,,,,,,,,,,,,,,,,,,,,,,,,,,,,,,,,,,,,,,,,,,,,,,,,,,,,,,,,,,,,,,,,,,,,,,,,,,,,,,,,,,,,,,,,,,,,,,1.0,,,,,,,,,,,,,,,,,,,,,,,,,,,,,,,,,,,,,
MNG,1.0,,,,,,,,,,,,,,,,,,,,,,,,,,,,,,,,,,,,,,,,,,,2.0,,,,,,,,,,,,,,,,,,,,,,,,,,,,,,,,,,,,,,,,,,,,,,,,,,,,,,,,,,,,,,,,,,4.0,,,,,,,,,,,,,,,,,,,,,,,,,,,,,,,,,,,,,,,,,,,6.0,6.0,,,,,1.0,,,,,,,,,,,,,,,,,,,,,,,,,,,,,,,,,,,,,,,,,,,,,
BLR,4.0,2.0,,,,,,,,,,,,,,,,,,,,,,,,,,,,,,,,,,,,,,,,,,,,,,,,,,,,,,,,,,,,,,,,,,,,,,,,,,,,,,,,,1.0,,,,,,,,,,,,,,,,,,,,3.0,,,,,,2.0,1.0,,,,,,,,,,,,,,,,,,,,,,,,,,,,,,,,,,,,,,,,,,,2.0,2.0,,,,,1.0,2.0,,,,,,,,,,,,,,,,,,,,,,,,,,,,,,,,,,,,,,,,,,,,
SHN,,,,,,,,,,,,,,,,,,,,,,,,,,,,,,,,,,,,,,,,,,,,,,,,,,,,,,,,,,,,,,,,,,,,,,,,,,,,,,,,,,,,,,,,,,,,,,,,,,,,,,,,,,,,,,,,,,,,,,,,,,,,,,,,,,,,,,,,,,,,,,,,,,,,,,,,,4.0,4.0,,,,,,,,,,,,,,,,,,,,,,,,,,,,,,,,,,,,,,,,,,,,,,,,,,
TON,1.0,,,,,,,,,,,,,,,,,,,,,,,,,,,,,,,,,,,,,,,,,,,,,,,,,,,,,,,,,,,,,,,,,,,,,,,,,,,,,,,,,,,,,,,,,,,,,,,,,,,,,,,,,,,,,,,,,,,,,,,,,,,,,,,,,,,,,,,,,,,,,,,,,,,,,,,,,,,,,,,,,,,,,,,,,,,,,,,,,,,,,,,,,,,,,,,,,,,,,,,,,,,
LSO,,,,,,,,,,,,,,,,,,,,,,,,,,,,,,2.0,,,,,,,,,,,,,,,,,,,,,,,,,,,,,,,,,,,,,,,,,,,,,,,,,,,,,2.0,,,,,,,,,,,,,,,,,,,,,,,,,,,,,,,,,,,,,,,,,,,,,,,,,,,,,,,,,,,,,,,,,,,,,,,,,,,,,,,,,,4.0,,,,,,,,,,,,,,,,,,,,,,,,,,,,,,,,,,,,,,,
KGZ,,,,,,,,,,,,,,,,,,,,,,,,,,,,,,,,,,,,,,,,,,,,,,,,,,,,,,,,,,,,,,,,,,,,,,,,,,,,,,,,,,,,,,,,,,,8.0,,,,,,,,,,,,,,,,,,,,,,,,,,,,,,,,,,,,,,,,,,,,,,,,,,,,,,,,,,,,,,,,,,,,,,,,,,,1.0,,,,,,,,,,,,,,,,,,,,,,,,,,,,,,,,,,,,,,
LTU,1.0,,,,,,,,,,,,,,,,,,,,,,,,,,,,,1.0,,,,,,,,,,,,,,,,,,,,,,,,,,,1.0,,,,,,,,,,,,,,,5.0,,,,,,,,,,,,,,,,,,,,,,,,,,,,,,,,,,,,,,,,,,,,,,,,,,,,,,,,,,,,,,,,,,,,,,,,,,,,,,,,,,,,,,,,,,,,,,,1.0,,,,,,,,,,,,,,,,,,,,,,,,,,,,,,,,,,,,,
SAF,,,,,,,,,,,,,,,,,,,,,,,,,,,,,,,,,,,,,,,,,,,,,,,,,,,,,,,,,,,,,,,,,,,,,,,,,,,,,,,,,,,,,,,,,,,,,,,,,,,,,,,,,,,,,,,,,,,,,,,,,,,,,,,,,,,,,,,,,,,,,,,,,,,,,,,,,,,,,,,,,,,,,,,,,,,2.0,,,,,,,,,,,,,,,,,,,,,,,,,,,,,,,,,
DMA,,,,,,,,,,,,,,,,,,,,,,,,,,,,,,2.0,,,,,,,,,,,,,,1.0,,,,,,,,,,,,,,,,,,,,,,,,,,,,,,,,,,,,,,,,,,,,,,,,,,,,,,,,,,,,,,,,,,,,,,,,,,,,,,,,,,,,,,,,,,,,,,,,,,,,,,,,,,,,,2.0,2.0,,,,,,,,,,,,,,,,,,,,,,,,,,,,,,,,,,,,,,,,,,,,,,,,,,
GNQ,,,,,,,,,,,,,,,,,,,,,,,,,,,,,,,,,,,,,,,,,,,,,,,,,,,,,,,,,,,,,,,,,,,,,,,,,,,,,,,,,,,,,,,,,,,,,,,,,,,,,,,,,,,,,,,,,,,,,,,,,,,,,,,,,,,,,1.0,,,,,,,,,,,,,,,,,,,,,,,,,,,,,,,,,,,,,,,,,,,,,,,,,,,,,,,,,,,,,,,,,,,,,,,
WAF,,,,,,,,,,,,,,,,,,,,,,,,,,,,,1.0,,,,,,,,,,,,,,,,,,,,,,,,,,,,,,,,,,,,,,,,,,,,,,,,,,,,,,,,,,,,,,,,,,,,,,,,,,,,,,,,,,,,,,,,,,,,,,,,,,,,,,,,,,,,,,,,,,,,,,,,,,,,,,,,,,,,,,,,,,,,,,,,,,,,,,,,,,,,,,,,,,,,,,,,,,,,,,,
