,42,43,13,141,841,61,12,17,163,40,112,10,50,166,46,110,20,100,173,30,51,16,55,111,14,73,871,144,191,36,311,70,80,114,130,356,120,11,52,172,37,192,180,31,71,150,190,26,353,57,1124,25,140,90,81,60,22,160,164,84,33,64,74,1243,15,833,128,53,138,874,54,85,1123,23,1712,115,72,186,1721,44,125,862,18,831,332,1384,143,175,145,154,193,152,194,811,161,174,27,1014,331,133,124,183,35,131,1043,256,1822,234,129,181,171,170,231,32,56,63,241,113,28,45,842,75,1121,62,1312,214,1711,1213,1821,21,1056,211,41,19,182,334,1313,122,1241,142,1723,134,233,153,195,127,162,253,1044,1383,1621,106,1053,101,139,151,39,1823,1831,82,1041,91,87,1724,834,107,344,213,1722,312,34,243,1832,242,1244,873,333,251,83,1382,1125,1246,232,1122,202,254,1411,314,861,1042,185,203,196,244,116,1013,1222,1031,38,137,355,86,872,813,24,94,105,93,121,1233,132,351,184,1054,201,136,92
CHN,608.0,544.0,121.0,108.0,48.0,211.0,81.0,118.0,25.0,745.0,79.0,353.0,163.0,10.0,390.0,144.0,279.0,66.0,110.0,182.0,287.0,19.0,9.0,130.0,59.0,6.0,10.0,5.0,4.0,423.0,36.0,68.0,84.0,42.0,98.0,18.0,111.0,24.0,2.0,106.0,12.0,23.0,7.0,16.0,51.0,12.0,70.0,28.0,2.0,148.0,2.0,20.0,10.0,60.0,27.0,65.0,6.0,40.0,13.0,44.0,8.0,5.0,14.0,3.0,3.0,1.0,9.0,7.0,13.0,23.0,15.0,4.0,1.0,3.0,5.0,4.0,4.0,7.0,16.0,44.0,6.0,3.0,3.0,18.0,5.0,3.0,3.0,12.0,11.0,5.0,10.0,3.0,2.0,4.0,18.0,7.0,6.0,2.0,2.0,3.0,9.0,2.0,15.0,2.0,2.0,2.0,2.0,1.0,1.0,4.0,4.0,3.0,1.0,2.0,1.0,1.0,5.0,2.0,2.0,3.0,1.0,2.0,3.0,4.0,1.0,3.0,3.0,4.0,1.0,1.0,2.0,2.0,,,,,,,,,,,,,,,,,,,,,,,,,,,,,,,,,,,,,,,,,,,,,,,,,,,,,,,,,,,,,,,,,,,,,,,,,,,,,,,,,,,,,
nan,11504.0,10682.0,2675.0,1363.0,839.0,841.0,2810.0,1180.0,226.0,8907.0,3002.0,13336.0,1386.0,19.0,4361.0,2795.0,10177.0,1866.0,4862.0,2480.0,9287.0,509.0,166.0,3066.0,1455.0,854.0,73.0,74.0,93.0,6433.0,267.0,1781.0,1811.0,849.0,1614.0,78.0,3204.0,400.0,183.0,1656.0,104.0,841.0,1260.0,515.0,2917.0,172.0,6111.0,572.0,147.0,1334.0,146.0,222.0,218.0,3336.0,447.0,2367.0,157.0,780.0,220.0,1514.0,362.0,91.0,37.0,38.0,689.0,120.0,492.0,85.0,337.0,612.0,56.0,46.0,171.0,294.0,344.0,203.0,275.0,205.0,187.0,135.0,311.0,15.0,310.0,507.0,79.0,54.0,99.0,259.0,239.0,216.0,2276.0,41.0,233.0,3.0,117.0,203.0,61.0,163.0,149.0,52.0,151.0,57.0,162.0,54.0,61.0,20.0,209.0,74.0,237.0,223.0,206.0,69.0,209.0,132.0,56.0,28.0,50.0,41.0,37.0,259.0,28.0,122.0,74.0,245.0,43.0,223.0,83.0,,352.0,28.0,18.0,27.0,177.0,20.0,287.0,7.0,7.0,32.0,45.0,43.0,74.0,26.0,71.0,75.0,204.0,84.0,35.0,20.0,20.0,23.0,7.0,7.0,44.0,14.0,48.0,13.0,16.0,110.0,55.0,24.0,38.0,63.0,4.0,28.0,18.0,11.0,10.0,19.0,25.0,10.0,7.0,2.0,6.0,1.0,2.0,7.0,20.0,2.0,105.0,13.0,2.0,10.0,18.0,21.0,18.0,3.0,14.0,2.0,13.0,2.0,18.0,11.0,3.0,3.0,3.0,3.0,2.0,4.0,4.0,4.0,2.0,6.0,2.0,2.0,4.0,3.0,2.0,3.0,8.0,1.0,1.0,,,,,,
USA,4191.0,4020.0,1181.0,241.0,135.0,273.0,613.0,287.0,111.0,2854.0,940.0,3373.0,502.0,5.0,1549.0,657.0,2639.0,425.0,1705.0,672.0,2775.0,174.0,51.0,865.0,469.0,137.0,15.0,11.0,25.0,1922.0,62.0,648.0,458.0,172.0,395.0,12.0,648.0,105.0,41.0,576.0,14.0,237.0,407.0,152.0,932.0,33.0,1565.0,188.0,34.0,440.0,51.0,36.0,23.0,976.0,168.0,680.0,39.0,218.0,67.0,482.0,94.0,19.0,2.0,7.0,281.0,21.0,98.0,13.0,109.0,274.0,17.0,25.0,34.0,70.0,68.0,106.0,42.0,40.0,42.0,63.0,73.0,10.0,56.0,68.0,12.0,11.0,11.0,8.0,15.0,41.0,916.0,13.0,31.0,1.0,42.0,62.0,7.0,35.0,39.0,5.0,36.0,9.0,53.0,21.0,4.0,2.0,14.0,22.0,131.0,77.0,35.0,10.0,59.0,32.0,8.0,6.0,15.0,23.0,15.0,114.0,1.0,46.0,11.0,49.0,15.0,91.0,13.0,4.0,82.0,13.0,3.0,6.0,44.0,2.0,96.0,4.0,1.0,4.0,17.0,2.0,14.0,3.0,30.0,5.0,34.0,18.0,10.0,3.0,8.0,14.0,1.0,4.0,7.0,2.0,8.0,5.0,,6.0,2.0,6.0,3.0,11.0,3.0,6.0,16.0,,3.0,2.0,7.0,,,,,,,5.0,5.0,,37.0,4.0,1.0,1.0,4.0,7.0,8.0,3.0,,,,2.0,,1.0,,,1.0,1.0,1.0,3.0,4.0,,,2.0,,,,,2.0,,3.0,1.0,1.0,2.0,,,,,
PRK,278.0,245.0,90.0,10.0,2.0,14.0,32.0,51.0,23.0,721.0,38.0,250.0,203.0,,323.0,44.0,103.0,36.0,4.0,102.0,218.0,6.0,1.0,77.0,21.0,3.0,,,,349.0,3.0,14.0,70.0,14.0,25.0,2.0,95.0,2.0,,6.0,4.0,101.0,5.0,,3.0,18.0,27.0,74.0,,24.0,,,,15.0,,22.0,,30.0,40.0,19.0,,,,,6.0,,12.0,2.0,1.0,15.0,4.0,16.0,,,2.0,,3.0,2.0,,,17.0,1.0,1.0,2.0,2.0,,,,,2.0,6.0,,13.0,,,,,,,,,,3.0,1.0,,,,,,2.0,,,,2.0,,,,,9.0,9.0,,1.0,,,2.0,,,,,,,,2.0,1.0,4.0,,,,,,,3.0,,,,7.0,,,,,,2.0,,,1.0,,,,,3.0,,,,,,,,,,,,,,,,2.0,,,,,,,,,,6.0,,,,,,,,,,,,,,,,,,,,,2.0,,,,,2.0,,,,,
KOR,319.0,283.0,74.0,13.0,1.0,45.0,23.0,43.0,6.0,494.0,15.0,155.0,71.0,,206.0,22.0,82.0,13.0,10.0,62.0,125.0,4.0,,38.0,20.0,,,,,211.0,13.0,15.0,21.0,62.0,8.0,2.0,85.0,4.0,,11.0,4.0,38.0,2.0,7.0,11.0,7.0,25.0,26.0,,42.0,,4.0,,5.0,3.0,32.0,,13.0,9.0,24.0,,,1.0,,5.0,1.0,3.0,,6.0,4.0,14.0,2.0,,,2.0,2.0,4.0,,2.0,25.0,1.0,,5.0,2.0,,,2.0,,,2.0,2.0,,3.0,,3.0,,,,,,,,1.0,,10.0,,,,,,,,,,,,,,8.0,4.0,2.0,,,2.0,,,,,,,4.0,,,,,,,,,,,,,,,,,,,,,,,,,,,,,,,,,,,,,,,,,,,,,1.0,,,,,,,,,,,,,,,3.0,,,,,,,,,,,,,,,,3.0,,,,,,,,,,
SLV,111.0,100.0,34.0,,,6.0,1.0,,,21.0,23.0,25.0,2.0,,8.0,2.0,13.0,2.0,17.0,2.0,26.0,,,2.0,,,,,,20.0,,2.0,12.0,,2.0,,,1.0,,,,12.0,3.0,1.0,,,6.0,5.0,,,,5.0,,1.0,,1.0,,12.0,,,,,,,2.0,,,,,,,,,,,,,,,,,,,,,,,,,,2.0,,,,2.0,,,,,,,,,,,,,,,1.0,,,,,,1.0,,,,,,7.0,1.0,,,,,,,,,,,,,,,,,,,,,,,,,,,,,,,,,,,,,,,,,,,,,,,,,,,,,,,,,,,,,,,,,,,,,,,,,,,,,,,,,,,,,,,,,,,,,,
AUS,343.0,317.0,64.0,20.0,5.0,31.0,56.0,29.0,,197.0,42.0,285.0,33.0,,114.0,48.0,180.0,20.0,116.0,66.0,174.0,25.0,1.0,54.0,33.0,3.0,2.0,1.0,1.0,140.0,11.0,32.0,19.0,,29.0,,50.0,9.0,4.0,33.0,,20.0,29.0,15.0,50.0,,103.0,3.0,1.0,68.0,,3.0,2.0,87.0,14.0,51.0,5.0,4.0,,29.0,4.0,,,1.0,21.0,1.0,9.0,,15.0,10.0,,,1.0,12.0,,,2.0,5.0,7.0,3.0,10.0,,1.0,13.0,1.0,,,,2.0,,47.0,2.0,,,,14.0,,,2.0,,6.0,2.0,6.0,,4.0,,5.0,,,4.0,1.0,,6.0,,,,,1.0,,8.0,,,4.0,8.0,1.0,3.0,,,26.0,2.0,,,12.0,,,,,,5.0,,1.0,,,,,,,,,,,,,1.0,,,,1.0,,,,1.0,,,,,,,,,,,,,,,,,,,,,,2.0,3.0,,,,,,,,,,,,,,,,,,,,,,,,3.0,,,,,,,,
RUS,301.0,280.0,71.0,13.0,17.0,48.0,68.0,4.0,26.0,611.0,69.0,319.0,64.0,1.0,280.0,63.0,204.0,38.0,118.0,108.0,256.0,15.0,2.0,85.0,22.0,5.0,1.0,,,190.0,7.0,20.0,41.0,24.0,51.0,8.0,71.0,13.0,,20.0,1.0,4.0,12.0,9.0,24.0,1.0,119.0,4.0,,99.0,15.0,5.0,2.0,112.0,7.0,44.0,,12.0,4.0,17.0,2.0,,,2.0,5.0,,12.0,,9.0,10.0,,7.0,4.0,2.0,,,8.0,9.0,10.0,75.0,15.0,,9.0,13.0,15.0,10.0,3.0,4.0,2.0,17.0,30.0,3.0,27.0,,9.0,10.0,1.0,2.0,,,1.0,,4.0,,,,4.0,,5.0,4.0,,,,1.0,,,1.0,,,6.0,7.0,2.0,4.0,2.0,,11.0,3.0,,,,,,12.0,,3.0,,,,,,,,,2.0,10.0,2.0,,2.0,,2.0,,1.0,,2.0,1.0,,,,,2.0,1.0,,,,,,1.0,,4.0,4.0,,,,,,,,,,3.0,,,,14.0,,,,,,,,,1.0,,,,,,,,,3.0,,,,,,3.0,,,,,,,,,
FRA,294.0,273.0,93.0,11.0,6.0,13.0,51.0,20.0,4.0,185.0,53.0,224.0,25.0,,127.0,20.0,133.0,20.0,84.0,103.0,207.0,4.0,,83.0,10.0,6.0,,,3.0,56.0,4.0,37.0,25.0,1.0,23.0,14.0,37.0,,2.0,38.0,6.0,8.0,15.0,4.0,33.0,,77.0,17.0,,126.0,3.0,1.0,2.0,34.0,5.0,28.0,10.0,16.0,1.0,38.0,2.0,,,,3.0,,8.0,,1.0,43.0,,2.0,1.0,6.0,,,4.0,3.0,,3.0,3.0,,5.0,4.0,2.0,,,,,4.0,14.0,,,,,7.0,3.0,8.0,1.0,,,1.0,,1.0,2.0,,,,3.0,5.0,,1.0,1.0,4.0,2.0,,,,2.0,,,2.0,,41.0,,1.0,,,8.0,,,1.0,8.0,,6.0,,,,,,,,,,1.0,1.0,,,,,,,,1.0,2.0,,,3.0,2.0,,,,,,,,,,,1.0,,,,,,,,,,,,,1.0,,9.0,,,,,,,,,,,,,,,,,,,,,,,2.0,,,,,,,,,
NGA,199.0,198.0,58.0,20.0,11.0,17.0,58.0,18.0,1.0,95.0,122.0,319.0,15.0,,44.0,54.0,228.0,60.0,156.0,32.0,190.0,13.0,2.0,49.0,17.0,27.0,,,1.0,63.0,,29.0,32.0,16.0,33.0,,45.0,,,15.0,,16.0,17.0,3.0,37.0,1.0,136.0,10.0,1.0,35.0,2.0,11.0,,46.0,,35.0,6.0,7.0,,16.0,9.0,3.0,,,3.0,4.0,,,8.0,6.0,,,2.0,1.0,6.0,10.0,25.0,3.0,4.0,6.0,2.0,1.0,24.0,25.0,2.0,1.0,,,6.0,4.0,20.0,2.0,,1.0,,2.0,9.0,3.0,1.0,,,,,,,1.0,4.0,1.0,2.0,21.0,1.0,,1.0,7.0,3.0,,5.0,,,3.0,1.0,,2.0,1.0,1.0,2.0,,,24.0,,,,8.0,,3.0,,,,,2.0,,,,,5.0,4.0,,,,,,,,,4.0,,,1.0,2.0,,4.0,3.0,,1.0,,,,7.0,1.0,,,,,,,,,,2.0,,,,,,,,,,,,,,,,,,,,,,,,,,,,,,,,,,,,,,
IDN,46.0,44.0,6.0,6.0,1.0,21.0,6.0,2.0,,49.0,3.0,47.0,12.0,,13.0,8.0,15.0,3.0,25.0,6.0,39.0,3.0,,4.0,,,,,,31.0,,5.0,4.0,,2.0,,3.0,,,1.0,,1.0,1.0,7.0,6.0,,22.0,2.0,2.0,,5.0,,,13.0,,2.0,2.0,2.0,,3.0,,,,,,,,2.0,,,1.0,,,2.0,,,6.0,1.0,,,,,,,,,,,,,1.0,,1.0,,2.0,,,,,,3.0,,3.0,,,,,,,,,1.0,,,,2.0,,,,,,,,,,,,,,,,,,,,,,,,,,,,,,,,,,,,,,,,,,,3.0,,,,,,,,,,,,,,,,,,,,,,,,,,,,,,,,,,,,,,,,,,,,,,,,,,,,,,,,,,
BRA,83.0,79.0,10.0,20.0,2.0,23.0,7.0,4.0,,93.0,9.0,37.0,3.0,,59.0,4.0,26.0,3.0,24.0,16.0,62.0,2.0,,26.0,5.0,,,,,36.0,5.0,9.0,6.0,3.0,4.0,1.0,27.0,,,5.0,,,3.0,9.0,4.0,,15.0,2.0,,72.0,,,,5.0,,2.0,,2.0,,3.0,2.0,,,,2.0,,1.0,8.0,,4.0,,,,,,,,1.0,,,2.0,,,,,,,,6.0,,5.0,,,,6.0,,,,4.0,,,,,,,,,,,,,,,,,,,,,,,,,,,,,,,,,,,,,,,,,,,,,,,,,,,,,,,,,,,,,1.0,,,,,,,,,1.0,,3.0,,,,,,,,,,,,,,,,,,,,,,,,,,,,,,,,,,,,,,,,,,,,,,
SAU,125.0,118.0,27.0,3.0,4.0,26.0,19.0,,4.0,231.0,54.0,106.0,35.0,,126.0,13.0,58.0,11.0,26.0,52.0,88.0,15.0,,45.0,,2.0,,,,49.0,1.0,13.0,8.0,10.0,8.0,,40.0,,2.0,5.0,,4.0,1.0,8.0,32.0,1.0,83.0,11.0,,30.0,2.0,4.0,,29.0,,29.0,3.0,3.0,,8.0,1.0,,,,,,,,2.0,5.0,,1.0,6.0,,5.0,,,,,44.0,2.0,,1.0,7.0,5.0,,3.0,,,1.0,11.0,,11.0,,5.0,,,,,3.0,3.0,,5.0,,,,,,5.0,,1.0,,,4.0,,,,,,2.0,,2.0,,,4.0,,,,2.0,2.0,,,7.0,,5.0,,,,,,,,,4.0,7.0,,,,,,,,,,,,,,,,2.0,,,,,,,,,,,,,,,,,,,,,,,,,,,,,,,,,,,,,,,,,,,,,,,,,,,,,,,,
PSE,97.0,82.0,14.0,17.0,8.0,,12.0,11.0,25.0,49.0,22.0,63.0,24.0,,22.0,29.0,51.0,10.0,33.0,13.0,87.0,1.0,,38.0,4.0,10.0,1.0,,4.0,35.0,7.0,4.0,13.0,1.0,14.0,,27.0,,1.0,5.0,,12.0,3.0,,23.0,,55.0,5.0,,,,2.0,1.0,8.0,2.0,4.0,3.0,4.0,6.0,11.0,,4.0,,,1.0,1.0,,,2.0,6.0,12.0,,2.0,2.0,7.0,,,2.0,3.0,14.0,27.0,,,,,,2.0,5.0,2.0,3.0,5.0,,2.0,,8.0,,,,3.0,,1.0,,1.0,,,,5.0,,,2.0,1.0,4.0,3.0,3.0,,,,1.0,,8.0,,17.0,,,,,,,,,,,,,1.0,,,,,1.0,,2.0,,,,2.0,20.0,,2.0,,,,,,,,,2.0,,,,,,,,,,,,,,,,,,,,,,,,,,,,,,,,,,1.0,,,,,,,,,,,,,,,,,,,,,1.0,1.0,,,
ISR,346.0,303.0,66.0,29.0,19.0,9.0,59.0,25.0,34.0,204.0,128.0,205.0,78.0,,102.0,60.0,140.0,36.0,66.0,33.0,213.0,7.0,,117.0,5.0,4.0,2.0,,9.0,142.0,17.0,15.0,30.0,4.0,44.0,5.0,90.0,26.0,2.0,24.0,,10.0,14.0,6.0,108.0,2.0,283.0,6.0,1.0,50.0,18.0,4.0,2.0,54.0,4.0,34.0,5.0,13.0,4.0,32.0,4.0,6.0,,,9.0,2.0,4.0,,31.0,13.0,12.0,,10.0,2.0,6.0,,5.0,,3.0,25.0,12.0,1.0,1.0,3.0,1.0,5.0,3.0,4.0,2.0,3.0,34.0,,117.0,,2.0,,3.0,,,4.0,,,,,,1.0,5.0,,,4.0,1.0,5.0,,3.0,,,,3.0,,11.0,,4.0,10.0,8.0,6.0,,2.0,,5.0,,,,,,5.0,,,2.0,2.0,3.0,,,,5.0,84.0,3.0,10.0,,,1.0,,,,,,,,1.0,,9.0,,,1.0,,,,,,,,,,,,,,,,,,,,,,,,,,,,,3.0,,,,,,,,,,2.0,,,,,,,,,,,1.0,1.0,,,
AFR,216.0,207.0,42.0,24.0,15.0,23.0,35.0,14.0,1.0,135.0,27.0,198.0,11.0,,89.0,45.0,110.0,19.0,43.0,41.0,132.0,9.0,1.0,40.0,13.0,9.0,,,,126.0,1.0,32.0,10.0,5.0,19.0,,47.0,2.0,,6.0,,8.0,10.0,2.0,28.0,,63.0,10.0,,40.0,5.0,2.0,,40.0,3.0,24.0,,2.0,,17.0,9.0,,2.0,,5.0,,7.0,,2.0,6.0,3.0,,1.0,6.0,6.0,,,4.0,2.0,3.0,2.0,,1.0,5.0,,,,,,,17.0,,,,8.0,4.0,1.0,,1.0,,2.0,,,,,,1.0,,,4.0,,1.0,1.0,4.0,3.0,,,,,9.0,,1.0,,4.0,,,,,7.0,,,,,,3.0,1.0,,3.0,,,,,4.0,,,,,,,,,,,,2.0,,,,,,,,,,,,,,1.0,,,,,,,,,,,,,,,,,,,,,,,,,,,,,,,,,,,,,,,,,,,,,,,,
ARG,30.0,26.0,,6.0,,11.0,3.0,4.0,,49.0,4.0,16.0,15.0,,50.0,11.0,4.0,,6.0,22.0,12.0,,1.0,4.0,1.0,,,,,18.0,6.0,4.0,3.0,2.0,1.0,1.0,2.0,,,,,4.0,3.0,2.0,2.0,,5.0,,,30.0,,,,,1.0,,,,3.0,,,,,,2.0,,2.0,,,,,,,,,,4.0,,,4.0,,,,,,,,,,,2.0,,2.0,,,,2.0,,,,,,,,,,,,,,,,,,,,,,,,,,,2.0,,,,,,,,,,,1.0,,,,,,,,,,1.0,,,,,,,,,,,,,,,,,,,,,,,,,,,,,,,,,,,,,,,,,,,,,,,,,,,,,,,,,,,,,,,,,,,,,,,,
BEL,55.0,43.0,12.0,4.0,,5.0,15.0,7.0,,88.0,11.0,55.0,4.0,,55.0,5.0,21.0,7.0,11.0,12.0,19.0,,,2.0,,3.0,,,,26.0,,7.0,6.0,1.0,,,8.0,,,9.0,2.0,,1.0,3.0,2.0,,3.0,3.0,,,,3.0,,7.0,,4.0,,,3.0,2.0,,2.0,,,2.0,,,1.0,,,,,4.0,,,,4.0,,,1.0,,,,,,,,,,5.0,4.0,,,,,,,,,,,,1.0,,,,,,,3.0,,,,,,,,1.0,,1.0,,,,14.0,,,,,,2.0,,,,,,,,,,,,,,,,6.0,,,,,,,,,,,,,,,,,,,,,,,,,,,,,,,,,,,,,,,,,,,,,,,,2.0,,,,,,,,,,,,,,,,,,,,,,,
CAN,294.0,282.0,51.0,9.0,12.0,34.0,28.0,44.0,,124.0,23.0,203.0,24.0,,114.0,23.0,142.0,14.0,93.0,59.0,303.0,2.0,4.0,47.0,50.0,10.0,,,,133.0,9.0,18.0,28.0,11.0,25.0,,18.0,8.0,2.0,32.0,,17.0,15.0,8.0,39.0,,64.0,5.0,5.0,48.0,4.0,2.0,,54.0,17.0,39.0,3.0,2.0,,18.0,3.0,,,,22.0,6.0,3.0,3.0,2.0,2.0,,,,2.0,5.0,,2.0,3.0,2.0,4.0,2.0,,5.0,,,,,1.0,2.0,,47.0,,,,3.0,6.0,,,,,,,1.0,,2.0,,2.0,1.0,,1.0,,1.0,2.0,4.0,,,,,,1.0,3.0,6.0,,5.0,,2.0,3.0,,,,,,10.0,,7.0,,,,,5.0,,,,,,,,,2.0,,,,,,3.0,2.0,,,,,,2.0,,,,,,1.0,,,2.0,,,,,,,,,,,,,,3.0,,,,,,,,,,,,,,,,,,,,,,,,,,,,,,,,
CHE,69.0,65.0,11.0,6.0,4.0,6.0,17.0,1.0,,37.0,7.0,66.0,11.0,,59.0,4.0,41.0,1.0,12.0,8.0,41.0,,,26.0,9.0,1.0,,,,56.0,,10.0,7.0,7.0,13.0,,8.0,,2.0,34.0,,3.0,1.0,8.0,17.0,,12.0,2.0,,14.0,,1.0,,12.0,,10.0,1.0,3.0,1.0,1.0,1.0,,,,2.0,,3.0,,,,,,,1.0,1.0,2.0,,,,3.0,1.0,,,,,,,,,,1.0,,,,3.0,1.0,,,2.0,,2.0,,2.0,,,,5.0,,,,,,3.0,,1.0,,,,,4.0,,1.0,,,,,,,,,,,2.0,,,,,,,,,,,,,,,,,,,,,,,,,,,,,,,,,,,,,1.0,,,,,,,,,,,,,,,,,,,,,,,,,,,,,,,,,,,,,,,,,,,,,,,
ECU,8.0,8.0,,,,1.0,1.0,1.0,,,,3.0,,,1.0,3.0,,,2.0,,,,,,,,,,,1.0,,3.0,,,,,,,,2.0,,,,,1.0,,,,,3.0,,,,,6.0,2.0,,,,,,,,,,,4.0,,,,,,,,,,,,,,,,,,,,,,,,,,,,,,,,,,,,,,,,,1.0,,,,,,,,,,,,,,1.0,,,,,,,,,,,,,,,,,,,,,,,,,,,,,,,,,,,,,,,,,,,,,,,,,,,,,,,,,,,,,,,,,,,,,,,,,,,,,,,,,,,,,,,,,,,,,,,
ESP,109.0,98.0,7.0,3.0,3.0,10.0,5.0,6.0,,56.0,9.0,37.0,2.0,,31.0,5.0,19.0,5.0,24.0,40.0,48.0,1.0,,16.0,7.0,13.0,,,,22.0,1.0,6.0,5.0,4.0,6.0,,4.0,,,15.0,9.0,3.0,2.0,,6.0,,25.0,,,12.0,,,,22.0,,11.0,,2.0,,6.0,,2.0,,,,,,,,,,,1.0,2.0,,,1.0,,4.0,1.0,2.0,,,,,,1.0,,,1.0,10.0,,,,,1.0,,,,,,,2.0,,,,,,,,1.0,1.0,,,,,,,,1.0,,,,,,,,,,,,,,,3.0,,,,,4.0,,,,,1.0,,,,,,,,1.0,,,,,,,,,,,,,,,,,,,,,,,,,,,,,,,,,,,,,,,,,,,,,,,,,,,,,,,,,,,,,,,,
GBR,972.0,882.0,161.0,82.0,44.0,47.0,258.0,176.0,10.0,499.0,114.0,495.0,63.0,,332.0,134.0,400.0,74.0,206.0,167.0,504.0,12.0,11.0,141.0,68.0,21.0,3.0,1.0,3.0,384.0,3.0,82.0,92.0,30.0,80.0,,90.0,5.0,11.0,73.0,2.0,31.0,52.0,20.0,124.0,6.0,253.0,21.0,2.0,128.0,8.0,13.0,7.0,137.0,15.0,96.0,11.0,18.0,,54.0,8.0,,,6.0,22.0,1.0,66.0,14.0,6.0,21.0,,1.0,7.0,22.0,15.0,3.0,,1.0,1.0,11.0,4.0,,16.0,19.0,,3.0,5.0,10.0,9.0,1.0,55.0,,6.0,,1.0,19.0,3.0,4.0,3.0,4.0,1.0,5.0,5.0,,,,7.0,2.0,,10.0,6.0,,11.0,6.0,3.0,,1.0,,,9.0,5.0,1.0,,23.0,,1.0,,,10.0,,,4.0,4.0,5.0,19.0,,,2.0,,11.0,3.0,,,1.0,19.0,,,1.0,2.0,,,,3.0,5.0,7.0,,4.0,36.0,,,,2.0,4.0,,,,,,,,,,,,,,,,,,,1.0,,,,,,,,,,,,1.0,,,,,,,,,,,,,,,,,,,,,,,
GHA,74.0,70.0,12.0,6.0,1.0,2.0,16.0,14.0,,30.0,17.0,86.0,2.0,,46.0,11.0,35.0,9.0,25.0,12.0,76.0,,3.0,4.0,14.0,2.0,,,,27.0,1.0,18.0,6.0,3.0,5.0,,11.0,1.0,1.0,5.0,,3.0,6.0,,12.0,1.0,30.0,3.0,1.0,7.0,,2.0,,15.0,,11.0,,5.0,1.0,3.0,,,,,1.0,,,,,,3.0,,,,1.0,1.0,3.0,,,,1.0,,1.0,,,,,,,,6.0,,,,1.0,5.0,,6.0,,,,,,,1.0,,5.0,1.0,,16.0,,,,5.0,2.0,,,,,1.0,,,,,,,,,2.0,,,,,,,,,,,,,,,,,,,,,,,,,,,,,,,,,,,,,,,,,,,,,,,,,,,,,,,,,,,,,,,,,,,,,,,,,,,,,,,,,,,,,,,,
GMB,5.0,5.0,,,,1.0,,,,8.0,10.0,6.0,,,,5.0,4.0,1.0,2.0,1.0,4.0,,,,,,,,,,1.0,,,,,,3.0,,,,,,2.0,,,,,,,3.0,,,,1.0,,2.0,,,,,1.0,,,,,,,,,,,,,,,,,,,,,,,,,,,,,,,,,,,,,,,,,,,,,,,,,,,,,1.0,,,,,,,,,,,,,,,3.0,,,,,,,,,,,,,,,,,,,,,,,,,,,,,,,,,,,,,,,,,,,,,,,,,,,,,,,,,,,,,,,,,,,,,,,,,,,,,,,,,,,,,,,,
IND,198.0,175.0,17.0,34.0,7.0,17.0,75.0,5.0,1.0,82.0,48.0,150.0,16.0,,71.0,45.0,152.0,34.0,96.0,15.0,97.0,6.0,2.0,60.0,10.0,15.0,,,,163.0,2.0,14.0,23.0,21.0,13.0,,60.0,5.0,4.0,13.0,,4.0,19.0,24.0,13.0,4.0,108.0,13.0,2.0,24.0,,,3.0,68.0,3.0,33.0,,22.0,,29.0,,2.0,,5.0,1.0,,1.0,,7.0,7.0,,,1.0,,4.0,3.0,4.0,3.0,2.0,,1.0,,11.0,33.0,,,6.0,1.0,1.0,3.0,37.0,,,,9.0,1.0,2.0,11.0,1.0,1.0,,,3.0,,1.0,,1.0,2.0,1.0,2.0,,1.0,,,,,,,,2.0,,,,,,4.0,5.0,,17.0,,,,,,6.0,,1.0,,3.0,,1.0,,,1.0,,1.0,,,,3.0,,,8.0,,,,,8.0,,,3.0,4.0,,,,,,,1.0,4.0,,,,,,,,,8.0,,,,,,,,1.0,,,,,,2.0,,,,,,,,,,,,1.0,,,,,,,,,,,,
IRL,122.0,119.0,23.0,7.0,7.0,13.0,59.0,14.0,,129.0,14.0,128.0,3.0,,37.0,27.0,81.0,20.0,54.0,18.0,83.0,,8.0,22.0,13.0,1.0,,,4.0,68.0,4.0,9.0,23.0,9.0,3.0,,16.0,1.0,5.0,23.0,,4.0,13.0,,30.0,,31.0,7.0,,4.0,,6.0,1.0,20.0,2.0,15.0,2.0,10.0,1.0,5.0,6.0,1.0,,,6.0,,2.0,,,2.0,,1.0,,3.0,10.0,,,1.0,,,4.0,,,1.0,,,,,,,11.0,,,,,,,,,,,2.0,4.0,,,,,,1.0,5.0,3.0,,4.0,4.0,,,,1.0,,2.0,,,,,,,2.0,,,,,,,,3.0,,,2.0,,,1.0,,,,,,,,,,,,,,2.0,,,,,,,,,,,,,,,,,,,,,,,,3.0,,,,,,,,,,,,,,,,,,,,,,,,,,,,,,,,,,,,,,
ITA,176.0,165.0,47.0,22.0,5.0,20.0,47.0,23.0,2.0,57.0,83.0,163.0,10.0,,52.0,43.0,85.0,30.0,114.0,31.0,97.0,4.0,2.0,81.0,16.0,144.0,,,,51.0,4.0,28.0,20.0,3.0,31.0,,31.0,1.0,2.0,53.0,,3.0,5.0,,23.0,2.0,37.0,4.0,7.0,46.0,2.0,10.0,,9.0,3.0,13.0,2.0,4.0,4.0,21.0,1.0,,,1.0,5.0,,26.0,4.0,,4.0,,,,,,,3.0,2.0,,12.0,2.0,1.0,,,,,,,,,10.0,,,,,,,,1.0,,2.0,,,4.0,,,,,,,,,,2.0,,4.0,,,,2.0,,2.0,8.0,2.0,,,7.0,,,,,,,,,,,,,,,,,,,,,9.0,,,,,6.0,,,,,1.0,,,,,,,,,,,,,,,,,,,,,,,,,,,3.0,,,,,,6.0,,,,,,,,,,,,,,,,,,,,,,,,,,
JAM,30.0,26.0,9.0,,5.0,1.0,2.0,5.0,,17.0,4.0,31.0,2.0,,8.0,7.0,20.0,,7.0,2.0,18.0,1.0,,6.0,,5.0,,,,8.0,,3.0,,1.0,2.0,,,,,,,,3.0,,3.0,,14.0,4.0,,22.0,,,,9.0,,1.0,1.0,1.0,,1.0,,,,1.0,2.0,,,,,1.0,,,,1.0,,,,,,,,,1.0,,,,,,,,20.0,,,,,2.0,,,,,,,,,,,,,,,,,,,,,,,,,,3.0,,2.0,,,,,1.0,,,,,,2.0,,,,,,,,,,,,,,,,,,,,,,,,,,,,,,,,,,,,,,,,,,,,,,,,,,,,,,,,,,,,,,,,,,,,,,,,,,,,,,,,,,
JOR,54.0,54.0,7.0,2.0,,5.0,11.0,11.0,2.0,63.0,11.0,48.0,21.0,,31.0,5.0,28.0,6.0,29.0,14.0,31.0,4.0,1.0,23.0,1.0,,,,,40.0,,10.0,5.0,4.0,8.0,,2.0,1.0,2.0,4.0,,2.0,5.0,,2.0,1.0,28.0,1.0,,14.0,,1.0,,13.0,1.0,8.0,,1.0,,5.0,,,,,1.0,,1.0,2.0,1.0,1.0,,,1.0,,1.0,,3.0,1.0,,5.0,,,,,1.0,,,,,2.0,8.0,,,,,,,,,,,2.0,,,,,1.0,,,,,,1.0,,,,,,,1.0,,2.0,,2.0,,2.0,,,,,,1.0,,,5.0,,,,,,,,,,,,,,,,,,,,,,,,,,,,,,,,,,,,,,,,,,,,,,,,,,,,,,,,,,,,,,,,,,,,,,,,,,,,,,,,,,
JPN,438.0,405.0,62.0,29.0,6.0,67.0,47.0,34.0,15.0,721.0,31.0,234.0,71.0,,340.0,59.0,153.0,25.0,52.0,91.0,207.0,3.0,2.0,95.0,33.0,6.0,5.0,,,213.0,16.0,28.0,35.0,59.0,18.0,18.0,41.0,,4.0,19.0,13.0,17.0,3.0,5.0,18.0,,72.0,43.0,4.0,68.0,1.0,3.0,2.0,39.0,15.0,31.0,1.0,31.0,14.0,27.0,8.0,,,1.0,5.0,3.0,7.0,2.0,9.0,18.0,,5.0,1.0,2.0,3.0,2.0,4.0,4.0,2.0,16.0,18.0,,11.0,7.0,,,,,,5.0,8.0,,,,5.0,1.0,,,,,5.0,,5.0,3.0,12.0,,,,3.0,3.0,2.0,,2.0,3.0,,,,,,9.0,4.0,2.0,,,,,,,2.0,,4.0,,8.0,1.0,2.0,,,,,,,,,,5.0,,,,,,,,,,1.0,,,,,,,1.0,,,,,,,,,,2.0,,1.0,,,,,,,,,,,,,,,,,,,,,,,,,,,,,,,,,7.0,,9.0,,,,,,,,
LAO,16.0,16.0,,,2.0,1.0,,,,6.0,,2.0,,,2.0,,1.0,,,2.0,,,,,,1.0,,,,,,1.0,,,,,,,,1.0,,,,,,,6.0,,,,,,,,,,,,,,,,,,,,,,,,,,,,,,,,,,,,,,,,,,,,,,,,,,,,,,,,,,,,,,,,,,,,,,,,,,,,,,,,,,,,,,,,,,,,,,,,,,,,,,,,,,,,,,,,,,,,,,,,,,,,,,,,,,,,,,,,,,,,,,,,,,,,,,,,,,,,,,,,,,,,,,,,,,
LBY,52.0,45.0,7.0,7.0,33.0,2.0,15.0,2.0,1.0,41.0,30.0,54.0,9.0,,35.0,19.0,30.0,25.0,76.0,3.0,79.0,4.0,,17.0,1.0,21.0,,,,5.0,,9.0,11.0,4.0,38.0,,20.0,,2.0,16.0,,5.0,14.0,,6.0,,94.0,,2.0,22.0,1.0,,,7.0,,13.0,1.0,11.0,2.0,18.0,,,,,,,,1.0,26.0,,,3.0,,,,,12.0,,,4.0,,1.0,,,3.0,,,,1.0,,6.0,,6.0,,,,,1.0,,,,,,,,,4.0,,,3.0,,,1.0,,,,2.0,,,1.0,1.0,,,,,2.0,7.0,,,,,,,,,,,,,,,,,,9.0,,5.0,2.0,,,,,2.0,,,,,,,4.0,,,,,,,,,,,,,,,,,,,,,,,,,,,,,,,,,,,,,,,,,,,,,,,,,,,,,,,2.0,,
MEX,214.0,203.0,32.0,7.0,,51.0,11.0,12.0,2.0,100.0,22.0,95.0,4.0,,35.0,10.0,65.0,13.0,40.0,36.0,86.0,,1.0,13.0,14.0,2.0,,,,39.0,1.0,13.0,14.0,2.0,16.0,5.0,15.0,2.0,,10.0,,33.0,2.0,,13.0,6.0,54.0,,,33.0,,2.0,,29.0,7.0,23.0,,14.0,,5.0,,,,,,,,2.0,,,,,1.0,1.0,2.0,,3.0,2.0,,2.0,,,1.0,,,,,,,13.0,25.0,2.0,,,,6.0,,,,,3.0,,1.0,,,,3.0,,1.0,,,,,,,7.0,,,,,,35.0,,,,,5.0,,,,,,,,2.0,,,,,,,,13.0,1.0,,,,,,2.0,,,,,,,,,,,,,,,,,,,,,,,,,,,1.0,,1.0,,,,,1.0,,,,,,,,,,,,,,,,,,,,,,,,,,,,,,,,,
MKD,9.0,7.0,,7.0,,3.0,,,,3.0,,8.0,,,8.0,3.0,5.0,2.0,1.0,,1.0,,,,,,,,,,,,1.0,,,,1.0,,1.0,,,,,,,,2.0,1.0,,,,,,1.0,,1.0,,,,,,,,,,,,,,,,,,,,,,,,,,,,,,,,,,,,,,,,,,,,,,,,,,,,,,,,,,,,,,,,,,,,,,,,,,,,,,,,,,,,,,,,,,,,,,,,,,,,,,,,,,,,,,,,,,,,,,,,,,,,,,,,,,,,,,,,,,,,,,,,,,,,,,,,,,,,,,,,,
MOZ,23.0,23.0,1.0,,,3.0,,,,12.0,,12.0,,,,4.0,3.0,1.0,,,4.0,,,,1.0,,,,,15.0,,1.0,1.0,,,,,,,,,,,,6.0,,1.0,,,,,,,1.0,,,,,,,,,,,,,,,,,,,,,,,,,,,,,,,,,,,,,,,,,,,,,,,,,,,,,,,,,,,,,,,,,,,,,,,,,,,,,,,,,,,,,,,,,,,,,,,,,,,,,,,,,,,,1.0,,,,,,,,,,,,,,,,,,,,,,,,,,,,,,,,,,,,,,,,,,,,,,,,,,,,,,,
MYS,77.0,74.0,40.0,3.0,2.0,32.0,19.0,,,65.0,8.0,94.0,14.0,,27.0,14.0,47.0,9.0,12.0,20.0,55.0,6.0,,12.0,18.0,2.0,,,,47.0,2.0,6.0,10.0,10.0,6.0,,20.0,9.0,1.0,4.0,,2.0,,16.0,35.0,,11.0,2.0,,37.0,,,,27.0,1.0,33.0,,1.0,1.0,4.0,,,,,,,2.0,,,1.0,,,,2.0,3.0,,1.0,1.0,2.0,,1.0,,,3.0,,,,,,,2.0,,,,,,,,1.0,,,,2.0,,,,2.0,,,,,,,,,,,,,2.0,,,,,3.0,1.0,,,,,,,,,,,,1.0,,,2.0,,3.0,,,,,,,,,,,,,,,,,,,,,,,,,,,,,,,,,,,,3.0,,,,,,,,,,,,,,,,,,,,,,,,,,,,,,,,,,,,,,
NZL,96.0,100.0,19.0,19.0,4.0,17.0,15.0,4.0,1.0,69.0,18.0,77.0,11.0,,34.0,17.0,88.0,9.0,30.0,23.0,92.0,1.0,3.0,8.0,9.0,3.0,,,,59.0,1.0,13.0,16.0,3.0,9.0,,19.0,1.0,,22.0,,6.0,10.0,12.0,27.0,,42.0,1.0,,11.0,,3.0,,9.0,3.0,26.0,,2.0,,5.0,,,,,1.0,,5.0,,1.0,3.0,1.0,,2.0,2.0,,,,,,,,,1.0,1.0,,,1.0,,,,25.0,,,,,4.0,,1.0,,,,,,,,,1.0,,,4.0,1.0,,,1.0,,,,,,1.0,,,,,,,,,,,,,4.0,,2.0,,,,,,1.0,,,,,,,,,,,,,,1.0,,,,,,,,,,,,,,,,,,,,,,,,,,,,,,5.0,,,,,,,,,,,,,,,,,,,,,,,,,,,,,,,,
PAK,207.0,202.0,42.0,15.0,34.0,17.0,44.0,9.0,3.0,84.0,71.0,157.0,4.0,,108.0,32.0,93.0,21.0,141.0,34.0,100.0,10.0,,51.0,11.0,2.0,,1.0,,125.0,2.0,13.0,29.0,4.0,18.0,,43.0,,3.0,14.0,,2.0,19.0,8.0,32.0,,78.0,12.0,2.0,7.0,1.0,1.0,,36.0,,18.0,3.0,20.0,,18.0,1.0,10.0,,,,6.0,,,7.0,1.0,2.0,,,,2.0,,3.0,3.0,1.0,4.0,5.0,,12.0,3.0,4.0,,,,3.0,4.0,16.0,,,,11.0,7.0,,2.0,,1.0,,1.0,,,4.0,,2.0,2.0,,3.0,,2.0,,,2.0,,3.0,,,2.0,1.0,3.0,11.0,,,1.0,,,,,,,,,2.0,,,,,,,,,,3.0,,,,,,,,,,,,,,,,3.0,2.0,,,,,,,,,,,,,,,,,,,,,,,,,,,,,,,1.0,,,,,,,,,,,,,,,,,,,,,,,,
PHL,121.0,113.0,29.0,4.0,3.0,13.0,13.0,9.0,4.0,60.0,19.0,106.0,31.0,,17.0,21.0,87.0,18.0,29.0,22.0,96.0,1.0,1.0,24.0,21.0,5.0,,,,29.0,1.0,14.0,10.0,2.0,17.0,1.0,38.0,3.0,,8.0,,1.0,3.0,3.0,9.0,1.0,59.0,4.0,,13.0,1.0,2.0,,23.0,3.0,18.0,4.0,2.0,,6.0,,1.0,,,8.0,2.0,5.0,,9.0,3.0,,,3.0,1.0,,4.0,,,,,,2.0,1.0,1.0,,4.0,3.0,,,,9.0,1.0,17.0,,6.0,1.0,,,,,1.0,1.0,3.0,,,,1.0,,5.0,,,,,4.0,,,,,,,,,,5.0,,,1.0,,1.0,,,,,,,,,,,,,,,,1.0,,,,,,,,,,,1.0,,,12.0,,,,,1.0,,,,,,,,,,,,,,,,,,1.0,,,,,,,,,,,,,,,,,,,,,,,,,,,,,,,,,,,
SDN,56.0,54.0,15.0,143.0,15.0,,9.0,24.0,,46.0,33.0,55.0,8.0,1.0,36.0,14.0,60.0,3.0,22.0,5.0,50.0,,,11.0,5.0,1.0,,2.0,,,,,7.0,,5.0,,8.0,3.0,,5.0,,4.0,13.0,,1.0,2.0,61.0,1.0,,24.0,,,21.0,1.0,,21.0,1.0,11.0,22.0,,,,2.0,,,,2.0,2.0,,6.0,,2.0,7.0,,3.0,,2.0,,1.0,,,,5.0,10.0,,,1.0,13.0,,6.0,30.0,,,,,3.0,,,,,,,,,,,,,,,,6.0,,,,,,,,,,,,,,,,,1.0,,,,,,7.0,,,,,,,,,6.0,,,,,,,,,,,2.0,,2.0,,,,2.0,,,,,,,,,,,,,,,,,,,,,,,,1.0,,,,,,,2.0,,,,,,,,,,,,,,,,,,,,,,,,,
SGP,86.0,85.0,13.0,1.0,,16.0,14.0,8.0,,113.0,1.0,35.0,41.0,,23.0,6.0,18.0,5.0,16.0,22.0,23.0,,1.0,7.0,4.0,,,,,44.0,1.0,9.0,9.0,3.0,5.0,,6.0,,,3.0,,3.0,2.0,8.0,36.0,,2.0,5.0,,17.0,,,,11.0,,3.0,1.0,,,4.0,1.0,,,,1.0,,,,1.0,,3.0,,,,,,1.0,,,1.0,,,,,,,,,,1.0,,,,,,,,,1.0,,,,4.0,,,,,,,,,2.0,,1.0,,,,,6.0,3.0,,,,2.0,,1.0,,,,,,,,,,,,,,,,,,,,,,,,,,,,,,,,2.0,,,,,,,,,,,,,,,,,,,,,,,,,,,,,,,,,,,,,,,,,,,,,,,,,,,,,,,,,,,
SUR,4.0,3.0,,,,,,,,2.0,,1.0,,,,,,,2.0,,,,,,,,,,,,,,,,,,,,,,,,,,,,,,,,,,,,,,,,,,,,,,1.0,,,,,,,,,,,,,,,,,,,,,,,,,,,,,,,,,,,,,,,,,,,,,,,,,,,,,,,,,,,,,,,,,,,,,,,,,,,,,,,,,,,,,,,,,,,,,,,,,,,,,,,,,,,,,,,,,,,,,,,,,,,,,,,,,,,,,,,,,,,,,,,,,,,,,,,,
THA,54.0,50.0,14.0,,3.0,20.0,5.0,2.0,,17.0,5.0,26.0,13.0,,21.0,3.0,21.0,4.0,28.0,8.0,33.0,,2.0,3.0,3.0,1.0,,,,45.0,,11.0,10.0,3.0,,,3.0,,,6.0,,1.0,5.0,11.0,3.0,,4.0,2.0,,13.0,4.0,,,11.0,2.0,7.0,,,,5.0,1.0,,,,,,,,,4.0,,,,,,,1.0,,,7.0,,,,,,,,,,,7.0,,,,,,,,,,,,,,,,,,,,,,,,,,,,,,,2.0,,2.0,,,,,1.0,,,,,,,,,,,,,,3.0,,,,,,,,,,,,,,,,,,,,,,,,,,,,,,,,,,,,,,,,,,,,,,,,,,,,,,,,,,,,,,,,,,,,,,,,,,
TTO,17.0,15.0,6.0,,4.0,,,,,,,9.0,,,,1.0,5.0,,2.0,,10.0,,,,1.0,3.0,,,1.0,9.0,,,1.0,,,,2.0,,,1.0,,,,,,,,,,,2.0,,,1.0,,,,,,1.0,,,,,,,,,,,,,,,,,,,,,,,,,,,,,,,3.0,,,,,,,,,,,,,,,,,,,,,,,,,,,,,,,,,,,,,,,,,,,,,,,,,,,,,,,,,,,1.0,,,,,,,,,,,,,,,,,,,,,,,,,,,,,,,,,,,,,,,,,,,,,,,,,,,,,,,,,,1.0,,,,,,,,,
TUR,123.0,114.0,31.0,4.0,55.0,35.0,28.0,1.0,21.0,191.0,58.0,142.0,11.0,,65.0,23.0,60.0,43.0,98.0,37.0,162.0,8.0,,35.0,5.0,12.0,,,3.0,93.0,1.0,16.0,18.0,7.0,90.0,1.0,49.0,3.0,1.0,58.0,,10.0,8.0,4.0,5.0,,120.0,2.0,4.0,31.0,2.0,1.0,11.0,20.0,4.0,30.0,,10.0,,64.0,4.0,,1.0,,4.0,3.0,4.0,1.0,54.0,2.0,,,2.0,,,2.0,7.0,1.0,,12.0,,,4.0,,14.0,,,16.0,,,10.0,,25.0,,,2.0,,,2.0,,3.0,2.0,3.0,,,,3.0,,,1.0,1.0,,,3.0,,,1.0,1.0,,3.0,,,,,1.0,,,,,,,2.0,6.0,,,,,,,,1.0,,,3.0,8.0,,1.0,7.0,,,,,7.0,,3.0,,2.0,,,,,,,,,3.0,,,,4.0,2.0,,,,,1.0,,2.0,,,,7.0,,2.0,,,,,,,,,,,,,,,,,,,,,,,,,,,,,,,,2.0,
VNM,89.0,87.0,11.0,4.0,2.0,51.0,16.0,7.0,,110.0,5.0,40.0,69.0,,57.0,23.0,33.0,12.0,12.0,37.0,44.0,,,10.0,7.0,6.0,,,,42.0,7.0,11.0,16.0,1.0,1.0,,11.0,3.0,,,,3.0,4.0,3.0,4.0,2.0,27.0,3.0,1.0,35.0,,,1.0,13.0,,14.0,,13.0,71.0,4.0,,,,,1.0,,1.0,,2.0,3.0,1.0,,,,3.0,,,4.0,,1.0,3.0,,,,,,,,,,18.0,,2.0,,,,,,,,,,4.0,,,,,,,,,,,,,2.0,,,,,,3.0,1.0,,,,,,,,,,,,,,,,,2.0,,,,,2.0,6.0,,,,,,,,,,1.0,,,,,,,,,,,,,,,,,,,,,,,,,,,,,,,,,,,1.0,,,,,,,,,,,,,,,,,,,,,,,,,,
AFG,117.0,112.0,34.0,1.0,5.0,,12.0,3.0,,104.0,37.0,69.0,73.0,,199.0,7.0,34.0,5.0,9.0,13.0,48.0,6.0,,36.0,8.0,7.0,,,,46.0,1.0,8.0,10.0,,18.0,4.0,29.0,2.0,,3.0,,26.0,29.0,1.0,2.0,4.0,331.0,3.0,,,3.0,,,4.0,1.0,20.0,,3.0,,6.0,1.0,,,,36.0,,,,,11.0,,,13.0,,,,6.0,,,10.0,10.0,,4.0,,3.0,,1.0,,,12.0,25.0,,34.0,,,,6.0,1.0,,,,26.0,1.0,,,,2.0,,,4.0,,,,,1.0,,,,,2.0,,,,,,,,,,,1.0,,2.0,,15.0,,,,,,,,,,10.0,,,,,1.0,,5.0,,,,,1.0,4.0,6.0,,,,,,,,,,,,,,10.0,,,,,,,,,,,,,,,,,,,,,,,,,,,,,,,,,,,,,,,,,,,,
TZA,18.0,16.0,,,3.0,2.0,,,,9.0,,9.0,1.0,,6.0,5.0,4.0,,6.0,2.0,8.0,,,,,,,,,3.0,,,1.0,,2.0,,2.0,,,,,,1.0,2.0,,,2.0,,,,,,,10.0,,1.0,,,,1.0,,,,,,,,,,,,,,,,1.0,,,,,,,,,,,,,,,1.0,,,,,,,,,,,,,,,,,,,1.0,,,,,,,,,,,,,,,,,,,,,,,,,,,,,,,,,,,,,,,,,,,,,,,,,,,,,,,,,,,,,,,,,,,,,3.0,,,1.0,,,,,,,,,,,,,,,,,,,,,,,,,,,,,,,,,,,
ALB,13.0,10.0,1.0,5.0,,3.0,,,3.0,7.0,,3.0,,,2.0,3.0,4.0,2.0,7.0,10.0,12.0,,,,3.0,,,,,3.0,1.0,,2.0,,3.0,,5.0,,3.0,,,,,,,,6.0,,,3.0,,,1.0,2.0,,,,,1.0,3.0,,,,,,,,,,,,,,,,,,,,,,,,1.0,,,2.0,,,,,,,,3.0,,,,,,,,,,,,,,,,,,,,,,,,,,,,,,,,,,,,,,,,,2.0,,,,,,,,,,,,,2.0,,,,,,,,,,,,1.0,,,,,,,,,,,,,,,,,,,,,,,,,,,,,,,,,,,,,,,,,,,,,,,,,,,,,,,,
AZE,38.0,36.0,1.0,1.0,,8.0,,15.0,,27.0,1.0,23.0,4.0,,14.0,1.0,3.0,1.0,12.0,22.0,17.0,,,,,2.0,,,,26.0,,9.0,,,,,3.0,,,,,,,,2.0,,,,,6.0,,,,,,3.0,,2.0,,,,,,,,,,,,,,,,,,,2.0,,,,1.0,,,,,,,,1.0,,1.0,,,,,,,,,,,,,,,,,,,,,,,,,,,,,,,,,2.0,,,,,,,,,,2.0,,,,,,,,,,,,,,,,,,,,,,,,,,,,,,,,,,,,,,,,,,,,,,,,,,,,,,,,,,,,,,,,,,,,,,,,,,,,,,,,,,,
EUR,213.0,194.0,48.0,10.0,9.0,81.0,77.0,15.0,23.0,212.0,52.0,154.0,81.0,,161.0,34.0,182.0,24.0,16.0,91.0,123.0,1.0,,49.0,31.0,19.0,,,1.0,144.0,10.0,21.0,66.0,2.0,39.0,1.0,72.0,1.0,,26.0,13.0,5.0,1.0,8.0,87.0,1.0,47.0,9.0,,96.0,1.0,18.0,,27.0,,24.0,6.0,3.0,18.0,10.0,2.0,1.0,,,2.0,,34.0,,3.0,19.0,2.0,2.0,2.0,2.0,,,2.0,2.0,1.0,,14.0,,,,,,,,,2.0,9.0,,2.0,,,2.0,,,1.0,,,,,3.0,,,3.0,1.0,,,,,,1.0,,,,,,,,,,6.0,4.0,1.0,,,3.0,,,1.0,2.0,,,,,1.0,,,,,1.0,,,4.0,,,,,,,1.0,,1.0,,,,,,,,,,,,,1.0,,,,,,,,,,,,,,1.0,,,,,,,,,,,,,,,,,,,,,,,,,,,3.0,,,,,,,,
BFA,1.0,1.0,,,,,,,,,,4.0,,,3.0,,,,,,1.0,,,,,,,,,4.0,,,,,,,,,,1.0,,,,,,,2.0,,,,,,,,,,,,,,,,,,,,,,,,,,,,,,,,,,,,,,,,,,,,,,,,3.0,,,,,,,,,,,,,,,,,,,,,,,,,,,,,,,,,,,,,,,,,,,,,,,,,,,,,,,,,,,,,,,,,,,,,,,,,,,,,,,,,,,,,,,,,,,,,,,,,,,,,,,,,,,,,,,,,,,,,,,,,,
BGD,79.0,72.0,23.0,1.0,4.0,15.0,8.0,16.0,,42.0,23.0,54.0,7.0,,19.0,6.0,26.0,7.0,29.0,11.0,31.0,5.0,,19.0,7.0,11.0,,,,85.0,,7.0,11.0,4.0,,,8.0,,,8.0,,3.0,2.0,,5.0,,53.0,,,16.0,,3.0,1.0,21.0,1.0,20.0,,5.0,,14.0,1.0,,,,,,,1.0,4.0,2.0,,,,,,16.0,,,1.0,1.0,,,,,,,,,2.0,,9.0,,,,3.0,1.0,,,2.0,,,,,10.0,,,,,,3.0,,,,,,,,,,,,2.0,,,,,1.0,,,,,,,,1.0,,,1.0,,1.0,,,,,,,,,,,,,3.0,,,,,11.0,,,,,,,,,,,,,,,,,,,,,,,,,,,3.0,,,,,,,,,,,,,,,,,,,,1.0,,,,,,,,,,,,
BHR,51.0,50.0,4.0,12.0,,2.0,6.0,,5.0,40.0,5.0,13.0,10.0,,10.0,8.0,23.0,2.0,41.0,1.0,19.0,,,10.0,,,,,,7.0,,7.0,2.0,,5.0,,10.0,,,4.0,,,,,4.0,,14.0,4.0,,4.0,,,,2.0,,4.0,,,,7.0,,1.0,,,,,,,1.0,3.0,,,,,,,,,,16.0,14.0,,2.0,,,,6.0,,,,,,,,,,,1.0,,,,,,,,,,,,,3.0,,,1.0,,,,,,1.0,,,,,,,,,1.0,,,,,,,,,,,,,,,,,,,,,,,,,,,,,,,,,,,,,,,,,,,,,,,,,,,,,,,,,,,,,,,,,,,,,,,,,,,,,,,,,,,,,,,,
COD,17.0,14.0,3.0,,1.0,,,1.0,,28.0,1.0,6.0,1.0,,2.0,,5.0,,4.0,2.0,4.0,,,1.0,,1.0,,,,2.0,,,,,2.0,,,,,9.0,,,,,1.0,,2.0,,,,,,,,,,,,,2.0,,,9.0,,,,,,,,,,,,1.0,,,,,,,,,,,,,,,2.0,6.0,,,,,3.0,,,,,,,,,,,,,,,,,,,,,,,,,,,,,1.0,,,,1.0,,,,,,,,,,,,,,,,,,,,,,,,,,,,,,,,,,,,,,,,,,,,,,,,,,,,,,,,1.0,,,,4.0,,,,,,,,,,,,,,,,,,,,,,,,,,,,
CAF,,,,,2.0,,,2.0,,,1.0,,,,3.0,,,,,,,,,,,,,,,,,,,,,,,,,,,,,,,,,,,3.0,,,,,,,,,,,,,,,,,,,,,,,,,1.0,,,,,,,,,,,,,,,,,,,,,,,,,,,,,,,,,,,,,,,,,,,,,,,,,,,,,,,,,,,,,,,,,,,,,,,,,,,,,,,,,,,,,,,,,,,,,,,,,,,,,,,,,,,,,,,,,,,,,,,,,,,,,,,,,,,,,,,,,,,,,,
FIN,28.0,24.0,15.0,,2.0,,6.0,2.0,,19.0,,16.0,,,21.0,6.0,7.0,,,30.0,9.0,,,4.0,,1.0,,,,10.0,,2.0,2.0,2.0,3.0,,5.0,,,5.0,,,,2.0,3.0,,1.0,,,3.0,,,,3.0,,3.0,,,,5.0,,,,,,,,,,,,,,,,,,,,4.0,1.0,,,,,,,,,,2.0,,,,,,,,,,,,,,,,,,,,,,,,,,,,,,,,,,,,,,,,,,,,,,,,,,,,,,,,,,,,,,,,,,,,,,,,,,,,,,,,,,,,,,,,,,,,,,,,,,,,,,,,,,,,,,,,,,,,,,,,,,,,,,
DEU,208.0,197.0,87.0,6.0,6.0,52.0,48.0,9.0,4.0,279.0,53.0,240.0,13.0,,110.0,32.0,165.0,40.0,70.0,95.0,153.0,6.0,,60.0,16.0,105.0,1.0,3.0,,89.0,6.0,43.0,35.0,8.0,20.0,,49.0,,24.0,22.0,,8.0,14.0,11.0,24.0,2.0,52.0,3.0,2.0,65.0,6.0,13.0,,28.0,11.0,39.0,7.0,6.0,,43.0,,4.0,,,5.0,,21.0,4.0,2.0,14.0,,,,2.0,4.0,,,12.0,,3.0,,,2.0,,3.0,,,,1.0,5.0,22.0,,1.0,,,,3.0,1.0,3.0,,,1.0,4.0,,,,,,,7.0,,2.0,1.0,,,1.0,3.0,3.0,3.0,5.0,2.0,2.0,5.0,2.0,,4.0,2.0,,,,,1.0,2.0,1.0,1.0,,,,,,,,2.0,,24.0,,,15.0,,,,,2.0,,,,,,,,,,4.0,,,,,,,,,,2.0,,,,,,,,,,1.0,,3.0,,,,,,,,,,,,,,,,,,,,,,,3.0,,,,,,,,,
SEA,14.0,14.0,5.0,,,10.0,4.0,,,18.0,1.0,18.0,16.0,,8.0,1.0,12.0,,6.0,3.0,13.0,,,4.0,1.0,,,,,11.0,3.0,4.0,,,,,4.0,,,4.0,,2.0,1.0,,14.0,,10.0,,1.0,6.0,3.0,,,3.0,,2.0,,,,,,,,,,2.0,,,,,,,,,,,,,,1.0,,,,,,3.0,,1.0,1.0,2.0,,,3.0,,,,,,,,,,8.0,,,,,,,,,,,,,,,,,,,,,,,,,,,,,,,,,,,,,,,,,,,,,,,,,,,,,,,,,,,,,,,,,,,,,,,,,,,,,,,1.0,,,,,,,,,,,,,,,,,,,,,,,,,,,,,,,,,,,
VUT,12.0,13.0,3.0,,,,,,,,,2.0,,,4.0,1.0,,,6.0,,2.0,,,,,,,,,,,1.0,,,,,1.0,,,,,,,,,,1.0,,,,,,,,,2.0,,,,,,,,,,,,,,,,,,,,,,,,,,,,,,,,,,,,,,,,,,,,,,,,,,,,,,,,,,,,,,,,,,,,,,,,,,,,,,,,,,,,,,,,,,,,,,,,,,,,,,,,,,,,,,,,,,,,,,,,,,,,,,,,,,,,,,,,,,,,,,,,,,,,,,,,,,,,,,,,,
COG,14.0,13.0,2.0,,,,,,,8.0,1.0,7.0,,,,,1.0,,,3.0,3.0,,,,,,,,,1.0,,3.0,,,,,,,,,,,,,,,2.0,,,,,,,,,1.0,,,,,,,,,,,,,,,,,,,,,,,,,,,,,,,,,,1.0,,,,,,3.0,,,,,,,,,,,,,,,,,,,,,,,,,,,,,,,,,,,,,2.0,,,,,,,,,,,,,,,,,,,,,,,,,,,,,,,,,,,,,,,,,,,,,,,,,,,,,,,,,,,,,,,,,,,,,,,,,,,,,,,,,,,,
MDV,33.0,31.0,5.0,1.0,1.0,,3.0,2.0,,23.0,4.0,38.0,1.0,,15.0,7.0,13.0,3.0,22.0,8.0,12.0,,,5.0,2.0,3.0,,,,2.0,,1.0,4.0,3.0,,,4.0,,,1.0,,1.0,5.0,,,,14.0,,,,,,,18.0,,9.0,,,,3.0,,3.0,,,1.0,,,,,3.0,,,,,,,,,1.0,,,,,,,,,,,,9.0,,,,,2.0,,,,,1.0,,,,,,,,,,1.0,,,,,,,,4.0,2.0,,,,,,5.0,,,4.0,,,,2.0,,2.0,,,,,,,,,,,,,,,,,,,,,,,2.0,,,,,,,,,,,,,,,,,,,,,,,,,,,,,,,,,,,,,,,,,,,,,,,,,,,,,,,,,,,
VEN,42.0,36.0,12.0,1.0,1.0,2.0,9.0,8.0,15.0,33.0,41.0,53.0,12.0,,23.0,15.0,26.0,1.0,42.0,3.0,62.0,,,25.0,3.0,,,,,47.0,4.0,11.0,4.0,,,,8.0,4.0,,4.0,,2.0,,2.0,4.0,,4.0,3.0,,4.0,3.0,,,24.0,,8.0,,10.0,,7.0,,1.0,,,,,,,,3.0,,,,,,,,5.0,,3.0,,,8.0,2.0,,,,,,,,,,,,,,1.0,,,4.0,,2.0,,1.0,,21.0,,,,,,,,,,,,,2.0,,,,,,8.0,,,,,,,,,,,,,,,,,1.0,,,,,,,,,,,,,,,,,,,,,,,,,,,,,,,,,,,,,,,,,10.0,,,,,,,,,,,,,,,,2.0,,,,,,,,,,,,,,,,,1.0
DNK,22.0,23.0,4.0,,,4.0,3.0,,,11.0,7.0,25.0,2.0,,4.0,1.0,22.0,2.0,2.0,1.0,15.0,1.0,1.0,4.0,,,,,,4.0,,4.0,3.0,,,,2.0,,2.0,2.0,,2.0,,1.0,4.0,2.0,6.0,2.0,,,,1.0,,,1.0,4.0,,,,1.0,,,,,,,,,,,,,,,,,,3.0,,,,,,,1.0,,,,,,3.0,,,,,1.0,,,,,,,,,,,,,,,,,,,,3.0,,,,,,,,2.0,,,,,2.0,,,,,,,,,,,,,,,,,,,,,,,,,,,,,,,,,,,,,,,,,,,,,,,,,,,,,,,,,,,,,,,,,,,,,,,,,,,,,,,,,,,,,,,,
EGY,93.0,91.0,17.0,1.0,4.0,7.0,18.0,8.0,,39.0,51.0,100.0,8.0,,28.0,22.0,50.0,28.0,31.0,6.0,58.0,12.0,,52.0,,5.0,,4.0,1.0,36.0,4.0,8.0,6.0,7.0,4.0,1.0,9.0,,,4.0,,2.0,3.0,7.0,9.0,,39.0,6.0,,36.0,2.0,2.0,,5.0,1.0,16.0,,6.0,,7.0,6.0,,,,1.0,,,,3.0,9.0,,,4.0,,,,3.0,,,4.0,5.0,,3.0,2.0,,,,,,1.0,4.0,,17.0,,2.0,,,,,,,,,1.0,,,,,,,,,,,,,6.0,,,4.0,,3.0,,,,,,,1.0,,,,,,,,,,,,1.0,,,,,,3.0,,,,,,,,,,,,,,,,,,,,,,,,,,,,,,,,,,1.0,,,1.0,,,,,,,,,,,,,,,,,,3.0,,,,,,,,,,,,,,,
ETH,29.0,30.0,9.0,22.0,3.0,2.0,2.0,,,38.0,8.0,29.0,8.0,1.0,18.0,5.0,17.0,2.0,10.0,10.0,29.0,,,17.0,,,,,3.0,5.0,3.0,2.0,5.0,,10.0,,6.0,,,,,6.0,,1.0,2.0,,39.0,1.0,,11.0,1.0,,,2.0,,18.0,,6.0,,1.0,,,,,,1.0,,,2.0,2.0,,3.0,1.0,1.0,,,3.0,8.0,,,,,2.0,,,,,3.0,,,34.0,1.0,,,,,,,2.0,3.0,,,,,,,,,,,,,,,,,,,,7.0,,4.0,,,,,,,,,,,,,4.0,,,,,,,,,,,,,,,,,,,,1.0,,,,,,,,,,,,,,,,,,,,,,,,,,,,,,1.0,,,,,,,,,,,,,,,,,,,,,,,,,,,,,,,,
MNG,40.0,37.0,,,,,1.0,,,60.0,,5.0,4.0,,4.0,,10.0,,3.0,2.0,,,,3.0,,,,,,19.0,,,2.0,,,,8.0,,,,,,,,,9.0,6.0,,,,,,,,,,,,,,,,,,,,,,,4.0,,,,,,,,,,,,,,1.0,,,,,,,,,,,,1.0,,,,,,,,,,,,,,,,,,,,,,,,,,,,,,,,,,,,,,,,,,,,,,,,,,,,,,,,,,,,,,,,,,,,,,,,,,,,,,,,,,,,,,,,,,,,,,,,,,,,,,,,,,,,,,,,,,,,,,,,,
GRC,50.0,53.0,7.0,4.0,7.0,,5.0,1.0,,22.0,6.0,39.0,8.0,,16.0,16.0,56.0,,16.0,8.0,43.0,,,5.0,1.0,11.0,,,,12.0,,2.0,11.0,8.0,,,11.0,,2.0,1.0,,5.0,1.0,,13.0,,19.0,,,,,,,10.0,,12.0,,1.0,,7.0,,,,,1.0,,1.0,,,4.0,,,,1.0,,,,,1.0,,2.0,,,,,,,,,,25.0,,,,,2.0,,1.0,,,,,,,,,,,,,,,,,1.0,,,,,,,,,,,,,,1.0,,,,,,,,,,,,,,,,,,,,,,,,,,,,,,,,,2.0,,,,,,,,,,,,,,,,,,,,,,,,,,,,,,,,,,,,,,,,,,,,,,,,,,,,,,,
IRN,174.0,158.0,58.0,14.0,10.0,71.0,120.0,5.0,150.0,335.0,153.0,274.0,91.0,4.0,228.0,47.0,118.0,49.0,44.0,102.0,206.0,40.0,4.0,87.0,24.0,3.0,2.0,,,129.0,4.0,21.0,58.0,25.0,170.0,1.0,132.0,3.0,10.0,17.0,,6.0,13.0,7.0,66.0,15.0,136.0,17.0,,69.0,35.0,14.0,,74.0,1.0,27.0,5.0,38.0,8.0,7.0,1.0,,,,4.0,,236.0,9.0,23.0,67.0,3.0,7.0,33.0,4.0,2.0,,13.0,5.0,,13.0,12.0,1.0,10.0,2.0,,3.0,,,3.0,15.0,83.0,,17.0,4.0,2.0,3.0,9.0,1.0,9.0,3.0,3.0,,5.0,6.0,2.0,,2.0,,4.0,,,2.0,2.0,2.0,,,,4.0,,13.0,,,1.0,4.0,9.0,,,,,,4.0,,,,,,1.0,,,10.0,,2.0,2.0,,34.0,3.0,1.0,,,1.0,,1.0,,,3.0,3.0,,,,1.0,,,3.0,,,,,,,,,,,,,,,,2.0,,,,,,,,,,,,,,,,,,,,,,,1.0,,,,,,,,,,,,,,,
GTM,38.0,34.0,13.0,,,,1.0,,,6.0,6.0,5.0,,,4.0,,9.0,,13.0,1.0,5.0,,,,1.0,2.0,,,,4.0,,,,1.0,1.0,,2.0,,,,,,,,,,1.0,,,,,,,,,,,12.0,,1.0,2.0,,,,1.0,,,,,,,,,,,,1.0,2.0,,,,,,,,,,,,,,,,,,,,,,,,,5.0,,,,,,,,,,,,,3.0,,,,,,,,,,,,,,,,,,,,,,,,,,,7.0,,,,2.0,,,,,,,,,,,,,,,,,,,,,,,,,,,,,,,,,,,,,,,,,,,,,,,,,,,,,,,,,,,,,,,,,,,,,,
HND,18.0,17.0,13.0,9.0,2.0,,,2.0,,8.0,,6.0,,,12.0,,2.0,1.0,1.0,,9.0,,,1.0,,,,,,13.0,,,,,,,,,,,,,,,,,1.0,2.0,,,,,,,,,,12.0,,,,,,,,,,,,,,,,,,,,,,,,,,,,,,,,1.0,1.0,,,,,5.0,,,,,,,,,,,,,,,,,,,,1.0,,,,,,12.0,,,,,,,,,,,,,1.0,,,,,,,,5.0,,,,,,,,,,,,,,,,,,,,,,,,,,,,,,,,,,,,,,,,,,,,3.0,,,,,,,,,,,,,,,,,,,,,,,,,,,,,,
WST,10.0,6.0,,,,,1.0,,,22.0,7.0,5.0,,,11.0,1.0,11.0,3.0,5.0,6.0,11.0,,,2.0,,,,,,15.0,,2.0,1.0,,4.0,,2.0,,,,,,,2.0,1.0,1.0,13.0,2.0,,4.0,,,,4.0,,1.0,,,,,,,,,1.0,,1.0,,,,,,,,,,,,,,1.0,,,,,,,,,8.0,1.0,,,,,,,,,,,,,,,,,,,,,,,,,,,,,,,,,12.0,,,,,,,1.0,,,,,,1.0,,,,,,,,,,,,,,,,,,,,,,,,,,,,,,,,,,,,,,,,,,,,,,,,,,,,,,,,,,,,,,,,,,,,,,,,,,,,,,,,
IRQ,60.0,49.0,11.0,3.0,6.0,3.0,8.0,1.0,,66.0,16.0,75.0,13.0,4.0,62.0,9.0,31.0,14.0,5.0,12.0,68.0,6.0,,5.0,3.0,,,,,4.0,,10.0,8.0,3.0,12.0,,9.0,,1.0,,,11.0,8.0,,8.0,,89.0,2.0,,22.0,,,,8.0,4.0,11.0,2.0,,,1.0,2.0,,1.0,,6.0,,3.0,,1.0,13.0,,,3.0,,,,2.0,,1.0,5.0,,,3.0,,2.0,,,,,1.0,16.0,,3.0,,5.0,,,,,,,1.0,,,,,1.0,,,,1.0,,,,,4.0,,,,2.0,,2.0,,,,,,,,,,,4.0,,8.0,,,,,,7.0,,,,4.0,4.0,,,,,,,,,1.0,,,,,1.0,,2.0,,,,,,,,,,,,,,,,,,,,5.0,,,,,,,,,,,,,,,,,,,,,,,,,,,,,,,,,,,
SYR,115.0,109.0,14.0,3.0,3.0,8.0,15.0,,9.0,93.0,43.0,131.0,33.0,,31.0,8.0,12.0,17.0,38.0,16.0,59.0,3.0,,23.0,,3.0,,,3.0,32.0,,10.0,24.0,,28.0,3.0,7.0,2.0,,3.0,,8.0,17.0,,17.0,1.0,344.0,5.0,,19.0,2.0,1.0,,17.0,,26.0,,5.0,,1.0,2.0,,,,10.0,,3.0,,16.0,18.0,,1.0,24.0,,11.0,,5.0,,,10.0,2.0,,,,1.0,,,,4.0,1.0,22.0,,150.0,,,3.0,,,1.0,,1.0,3.0,1.0,,,,4.0,,,,,,,,,,,,,9.0,,,,8.0,,2.0,,,,,3.0,,,,12.0,,,1.0,,,,,,,88.0,,,,,,,,,,,,2.0,,,,,,2.0,,,,,,,,,,,,,,,,,,,,,,,,,,,,,,,,,,1.0,,,,,,,,,,,,,,,,,,,,
KEN,117.0,100.0,25.0,5.0,5.0,17.0,3.0,14.0,1.0,62.0,33.0,100.0,4.0,,62.0,22.0,46.0,2.0,16.0,28.0,62.0,2.0,,34.0,8.0,7.0,,,,35.0,6.0,18.0,10.0,5.0,4.0,,16.0,2.0,5.0,13.0,,9.0,,,8.0,,55.0,,3.0,24.0,,1.0,1.0,12.0,3.0,17.0,,,,4.0,1.0,,,,,,,1.0,5.0,2.0,,3.0,,,,,5.0,4.0,,3.0,6.0,,20.0,2.0,,,,,,,9.0,,,,,,,,,,,,,,,,1.0,,,5.0,,,1.0,3.0,,,,,,,,1.0,,,4.0,,,,2.0,,,,,,,,,,,,,,,,,,,,,,,,1.0,,,,,,,,,1.0,,,,,,,,,,,,,,,,,,,,,,,,,,,,,,,,,,,,,,,,,,,,,,,,,,,,,,,
MMR,16.0,14.0,6.0,,7.0,4.0,,3.0,,9.0,2.0,29.0,3.0,,12.0,5.0,12.0,3.0,16.0,,9.0,,,4.0,2.0,2.0,3.0,,,9.0,,2.0,7.0,,3.0,,9.0,,,4.0,1.0,,,,8.0,,11.0,1.0,,8.0,,,,11.0,1.0,,,,,,,,,,,2.0,,,,1.0,,,1.0,,,,1.0,,,,,,,6.0,,,,,,2.0,12.0,,,,,,,,,,,,1.0,,,,,,,,,,,,,,,,,,,2.0,,1.0,,,,,,,,,,,,,,,,,,,,,,,,,,,,,,,,,,,,,,,,,,,,,,,,,,,,,,,,,,,,,,,,,,,,,,,,,,,,,,,,,,,,,,,,,,,,,
TKM,3.0,4.0,,,,,,,,20.0,,1.0,4.0,,,,4.0,,3.0,,10.0,,,,,,,,,1.0,,,,,,,,,,,,,,1.0,,,,,,,,,,,,1.0,,,,,,,,,,,,,,,,,,,,,,,,,,,,,,,,,,,,,,,,,,,,,,,,,,,,,,,,,,,,,,,,,,,,,,,,,,,,,,,,,,,,,,,,,,,,,,,,,,,,,,,,,,,,,,,,,,,,,,,,,,,,,,,,,,,,,,,,,,,,,,,,,,,,,,,,,,,,,,,,,
UZB,15.0,13.0,,,2.0,,5.0,,1.0,32.0,,16.0,,,6.0,,7.0,,2.0,3.0,11.0,1.0,,1.0,,,,,,31.0,,3.0,,,,,2.0,,,,,6.0,,,,,11.0,,,,,,,,,,,,,,,,,,,,,,,,,,,,,,,,2.0,,,,2.0,,,,,,,,,,21.0,,,,,,1.0,,,,,,,,,,,,,,,,,,,,,,,,,,,,,,,,,,,,,,,,,,,,,,,,,,,,,,,,,,,,,,,,,,,,,,,,,,,,,,,,,,,,,,,,,,,,,,,,,,,,,,,,,,,,,,,,,,,,,,
NER,12.0,9.0,,,1.0,,2.0,,,3.0,,9.0,,,2.0,,3.0,,1.0,,4.0,,,3.0,1.0,,,,,4.0,,,,,3.0,,9.0,,,3.0,,3.0,1.0,,4.0,,13.0,,,6.0,,,,,,1.0,,,,,,,,,,,,,,1.0,,,,,,,,,,,,,,,,,,,,,,,,,,,,,,,,,,,,,,,,,,,,,,,,,,,,,,,,,,,,,,,,,,,,,,,,,,,,,,,,,,,,,,,,,,,,,,,,,,,,,,,,,,,,,,,,,,,,,,,,,,,,,,,,,,,,,,,,,,,,,,,,,,,
COK,,,,,,,,,,,,,,,,,,,,2.0,,,,,,,,,,6.0,,,,,,,,,,,,,,,,,,,,,,,,,,,,,,,,,,,,,,,,,,,,,,,,,,,,,,,,,,,,,,,,,,,,,,,,,,,,,,,,,,,,1.0,,,,,,,,,,,,,,,,,,,,,,,,,,,,,,,,,,,,,,,,,,,,,,,,,,,,,,,,,,,,,,,,,,,,,,,,,,,,,,,,,,,,,,,,,,,,,,,,,,,,,,,
CZE,23.0,21.0,2.0,6.0,,,3.0,,,21.0,3.0,14.0,,,4.0,6.0,2.0,,,2.0,9.0,,,2.0,1.0,,,,,7.0,,,,,1.0,,4.0,,1.0,1.0,,3.0,2.0,,,,2.0,,,2.0,,,,7.0,,4.0,,,,1.0,,,,,,,,,,,,,,,,,,,,1.0,,,,,,,,,,,,,,,,,,,,,,1.0,,,,,2.0,,,,,,,,,,,,,,,,,,,,,,,,,,,,,,,,,,,,,,,,,,,,,,1.0,,,,,,,,,,,,,,,,,,,,,,,,,,,,,,,,,,,,,,,,,,,,,,,,,,,,,,,,,,,,,,,,
PER,30.0,29.0,1.0,1.0,,5.0,1.0,2.0,,4.0,5.0,14.0,,,,1.0,8.0,,5.0,1.0,7.0,1.0,,9.0,2.0,,,,1.0,9.0,,5.0,2.0,2.0,,,1.0,,,,,,2.0,,1.0,,9.0,,,,,,,5.0,,1.0,,,,,,,,1.0,1.0,,,,,1.0,,,,,,,,3.0,,,1.0,,2.0,1.0,,,,,,,6.0,,,,,,,,,,,,,,,,1.0,,,,,,3.0,,,,,,,,,,,,,3.0,,,1.0,,,,,,2.0,,,,,,,,,,,,,,,,,,,,,,,,,,,,,,,,,,,,,,,,,,,,,,,,,,,,,,,,,,,,,,,,,,,,,,,,,,,,,,,,,,
PRT,17.0,18.0,3.0,,2.0,2.0,11.0,,,17.0,,15.0,2.0,,10.0,1.0,9.0,1.0,1.0,37.0,71.0,,,3.0,1.0,,,,,12.0,,,3.0,1.0,1.0,,4.0,,,4.0,,,,,2.0,,6.0,2.0,,20.0,,,,,,,1.0,2.0,,3.0,,,,,,,,,1.0,1.0,22.0,,,,,,,,,1.0,,,,1.0,,,,,,,1.0,,,,2.0,,,,,,,,,,,,,,,,,,,,,,,,,,,,,,,,,,,,,,,,,,,,,,,,,,,2.0,,,,,,,,,,,,,,,,,,,,,,,,,,,,,,,,,,,,,,,,,,,,,,,,,,,,,,,,,,,,,,,,,,,,,,,
UKR,75.0,72.0,12.0,,,27.0,7.0,,6.0,72.0,,67.0,22.0,,31.0,1.0,30.0,10.0,11.0,12.0,69.0,2.0,,4.0,2.0,2.0,,,,46.0,,2.0,4.0,,13.0,,18.0,,,10.0,,4.0,2.0,3.0,4.0,1.0,44.0,9.0,,4.0,2.0,,,14.0,,4.0,,4.0,,3.0,,,,,2.0,,1.0,,,8.0,,2.0,,,,,2.0,2.0,,,2.0,,,,2.0,,,,,2.0,10.0,,7.0,,10.0,,,,,,,1.0,4.0,,,,2.0,,,,,,,5.0,,,,,,3.0,,,,4.0,,,3.0,,,,,,,,,,,,,,,,,,2.0,,,,,,,,4.0,,,,,3.0,,,,,,,,,,,4.0,,4.0,,,,,,,,2.0,,,,,,,,,,,,,,1.0,,,,,,,,,,,,,,,,,,,,,,,,
YEM,28.0,28.0,6.0,7.0,3.0,,5.0,,2.0,24.0,12.0,45.0,2.0,,8.0,2.0,14.0,1.0,8.0,6.0,13.0,,,3.0,,2.0,,,,15.0,,2.0,,,1.0,1.0,2.0,,,2.0,,2.0,3.0,,2.0,,65.0,3.0,,10.0,2.0,,,,,2.0,,,,2.0,,,,,,,,1.0,1.0,3.0,,,,,2.0,,,3.0,,,,,,,,,,,,1.0,6.0,,21.0,,,,,,,,,,2.0,,,,,3.0,,,,,,1.0,,,,,,,1.0,2.0,,,,,,,,,,,2.0,,6.0,,,,,,,,,,6.0,,1.0,,,,,,,,,,,,,,,,,,,,,,,2.0,,,,,,,,,,,,,,,,,,,,,,,,,,,,,,,,,,,,,,,,,,,,,,,
ZAF,38.0,37.0,4.0,15.0,3.0,1.0,7.0,1.0,,48.0,10.0,96.0,4.0,,11.0,21.0,50.0,5.0,20.0,10.0,44.0,,1.0,17.0,4.0,4.0,,,,42.0,,15.0,7.0,3.0,5.0,,10.0,,,3.0,,7.0,7.0,,11.0,,23.0,5.0,1.0,8.0,,,1.0,20.0,,4.0,,,,,,,,,,,3.0,,,,,,,,,,,,,,,,,4.0,,,,,,,6.0,,,,,2.0,,,2.0,,,,,,,,1.0,,,,,1.0,1.0,,3.0,,,,,,,,,,,,,,3.0,,,,,,3.0,,,,,,,,,,,,,,,,,,,1.0,,,,,,,,,,,,,,,,,,,,,,,,,,,,,,,,,,,,,,,,,,,,,,,,,,,,,,,,,,,,,,,
ZWE,38.0,33.0,29.0,6.0,4.0,17.0,9.0,3.0,2.0,14.0,30.0,36.0,2.0,,5.0,10.0,35.0,9.0,20.0,6.0,30.0,5.0,2.0,6.0,6.0,,,,,15.0,2.0,9.0,9.0,5.0,4.0,4.0,7.0,1.0,,4.0,,,1.0,,5.0,,19.0,2.0,,,1.0,2.0,,16.0,1.0,6.0,,,,1.0,2.0,,,,1.0,,1.0,,,2.0,,,,3.0,3.0,,,,3.0,,1.0,,4.0,,,,,,,,1.0,,,,,,,,1.0,1.0,,,,,1.0,,1.0,,,,,,1.0,6.0,,,,,1.0,,,1.0,,2.0,,,,,2.0,,,,,,,,,1.0,,,,1.0,,,,,1.0,,,,,,1.0,,,,,,,,,,,,,,,,,,,,,,,,,,,,,,,,,,,,,,,,,,,,,,,,,,,,,,,,,,,,,,,,
ARE,129.0,122.0,5.0,,3.0,24.0,12.0,5.0,,77.0,28.0,56.0,23.0,,61.0,9.0,23.0,9.0,16.0,10.0,35.0,1.0,,9.0,1.0,3.0,,,,48.0,2.0,15.0,7.0,,4.0,,9.0,,1.0,11.0,,3.0,,2.0,22.0,4.0,14.0,7.0,,22.0,,,,5.0,,7.0,2.0,,,3.0,,,,,,,4.0,,,3.0,,,3.0,,3.0,1.0,,,,1.0,,,7.0,,,,,,,,2.0,,,,,1.0,,,2.0,,3.0,,1.0,,,,,,1.0,2.0,,,,,,,,,2.0,3.0,,,,10.0,,,,,,,,,,,,,,,1.0,,,,,,,,,,,,,,,,,,,,,,,,,,,,,,,,,,,,,,,,,,,,,,,,,,,,,,,,,,,,,,,,,,,,,,,,,,,,,,
AUT,56.0,50.0,15.0,,4.0,,1.0,2.0,3.0,96.0,3.0,43.0,1.0,,29.0,5.0,10.0,2.0,9.0,6.0,12.0,,2.0,,1.0,1.0,,,,54.0,,13.0,7.0,5.0,,,4.0,,,2.0,,1.0,,,6.0,,4.0,8.0,,10.0,,3.0,,6.0,4.0,,,,,2.0,,,,,,,5.0,,,,,,,,4.0,,,,,,3.0,,,,,,,,,,2.0,,,,,,,,,,,,,,,,,,,,,,,,,,,,,,,,,,,,,,,,,,,,,,,,,,,,,,,,,,,,,,,,,,,,,,,,,,,,,,,,,,,,,,,,,,,,,,,,,,,,,,,,,,,,,,,,,,,,,,,,,,,,,,
KAZ,56.0,57.0,7.0,,,8.0,2.0,,,61.0,,20.0,7.0,,12.0,,8.0,3.0,1.0,,15.0,,2.0,,,,,,,31.0,,4.0,3.0,,,,1.0,,1.0,,,,4.0,,,,2.0,4.0,,12.0,,,,3.0,,7.0,,,,,,,2.0,,,,,,,,2.0,,,,1.0,,,,,8.0,,,1.0,,1.0,,,,,,,,,,,,,,,,,,4.0,,,,,,,,,,,,,,,,,,,,,2.0,,,,,,,,,8.0,,4.0,,,,,,,,,,,,,,,,,,,,,,,,,,,,,,,,,,,,,,,,,,,,,,,,,,,,,,,,,,,,,,,,,,,,,,,,,,,,,,,,,,
LBN,74.0,68.0,6.0,9.0,3.0,,,,,62.0,17.0,58.0,3.0,,13.0,6.0,34.0,11.0,14.0,,26.0,,3.0,11.0,1.0,,,5.0,5.0,34.0,,5.0,6.0,2.0,7.0,1.0,7.0,,,3.0,,12.0,9.0,,5.0,,48.0,2.0,,,,,,3.0,,8.0,,2.0,1.0,1.0,,,,,1.0,,,1.0,,6.0,,,4.0,,13.0,,6.0,8.0,4.0,,,,,,,,,1.0,1.0,,21.0,,22.0,,,,,1.0,2.0,,,3.0,1.0,,,,,,,3.0,,,2.0,,,,,,,,,4.0,,12.0,,,,,,,,,8.0,,,,,,,,,,,,6.0,,7.0,,,,,,,,,,,,,,,,1.0,,,,,,,,,,,,,,,,,,,,,,,,,,,,,,,,,,,,,,,,,,,,,,,,,,,,,,
LKA,38.0,38.0,10.0,4.0,,7.0,11.0,4.0,,30.0,13.0,32.0,8.0,,29.0,11.0,23.0,2.0,30.0,6.0,28.0,,,11.0,2.0,,5.0,,,2.0,,,10.0,8.0,,,13.0,,,6.0,,,9.0,,5.0,1.0,12.0,,,3.0,,,,7.0,,8.0,,3.0,,1.0,,,,,1.0,,,,2.0,,1.0,,1.0,,,2.0,,2.0,,,,,,4.0,1.0,1.0,,,,,8.0,,5.0,,,,,2.0,,,,,,,,,,,,,,,,1.0,,,,1.0,,,,,,,,,,,,,,,,,1.0,,1.0,,,,,,,,,1.0,,,,,,,,,,,,,,,,,,,,,,,,,,,,,,,,,,,,,,,,,,,,,,,,,,,,,,,,,,,,,,,,,,,,,,,
MLT,26.0,26.0,1.0,,,,7.0,3.0,,14.0,6.0,48.0,,,6.0,2.0,19.0,1.0,2.0,2.0,11.0,,,3.0,,6.0,,,,5.0,,,2.0,1.0,,,15.0,1.0,,,,1.0,,,2.0,,6.0,,,,,,,15.0,,,,,,1.0,,,,,9.0,,,,,,,,,,,,,,,,,,,,,,,,,,5.0,,,,1.0,,,,,,1.0,,1.0,,,,,,,,,,,,,,,,,,,,,,,,,,1.0,,,,,,,,,,,,,,,,,,,,,,,,,,,,,,,,,,,,,,10.0,,,,,,,,,,,,,,,,,,,,,,,,,,,,,,,,,,,,,,,,,,,,,,,,,,
UGA,53.0,47.0,1.0,,,6.0,3.0,3.0,,21.0,15.0,34.0,8.0,,15.0,4.0,12.0,3.0,21.0,2.0,19.0,1.0,,13.0,4.0,1.0,,,,17.0,,4.0,9.0,5.0,4.0,,5.0,,,4.0,,1.0,,,3.0,1.0,20.0,,,4.0,,,,4.0,3.0,4.0,,3.0,,1.0,,,,,,,1.0,,,2.0,,,,,,,3.0,,,,4.0,,,,,,1.0,,,,2.0,,,,,,2.0,,,,,,,,3.0,,,,,2.0,,,,1.0,,,,,,,,,,,,3.0,,,,,,,,,,,,,,,,,,,,,,,,,,,,1.0,,,,,,,,,,,,,,,,,,,,,,,,,,,,,,,,,,,,,,,,,,,,,,,,,,,,,,,,,,,,,,,
BEN,,,,,,,1.0,,,,3.0,6.0,,,2.0,,5.0,1.0,5.0,1.0,3.0,,,4.0,,,,,,3.0,,,2.0,,,,2.0,,,2.0,,,,,,,6.0,,,,,,,1.0,,,,,,,,,,,,,,,,,,,,,,,,,,,,,,,,,,,,,,,,,,,,,,,,,,,,,,,,,,,,,,,,,,,,,,,,,,,,,,,,,,,,,,,,,,,,,,,,,,,,,,,,,,,,,,,,,,,,,,,,,,,,,,,,,,,,,,,,,,,,,,,,,,,,,,,,,,,,,,,,,,,
BGR,29.0,29.0,,,3.0,2.0,1.0,,,19.0,2.0,5.0,,,20.0,,7.0,21.0,5.0,2.0,8.0,2.0,,,,,,,,7.0,,,,,,,5.0,,,,,,,2.0,,,2.0,1.0,,5.0,,,,3.0,,1.0,1.0,,,,2.0,,,,,,,,,2.0,,,,,,,,,,,,,,,,,,,,,,,,,,,,,,,,,,,,,,,,,,,,,,,,,,,,,,,,,,,,,,,,,1.0,,,,,,,,,,,,,,,,,,,,,,,,,,,,,,,,,,,,,,,,,,,,,,,,,,,,,,,,,,,,,,,,,,,,,,,,,,,,,,,,,,
GUY,8.0,8.0,5.0,,7.0,1.0,3.0,1.0,,6.0,,6.0,,,4.0,,1.0,3.0,2.0,3.0,4.0,1.0,,2.0,,,,,,,,,3.0,,,,2.0,,,,,,,,,,3.0,,,,1.0,,,6.0,2.0,3.0,,,,,,,,,,,,,,,,,,,,,,,1.0,,2.0,,,,,,,,,,1.0,,,,,,,,,,,,,,,,,,,,,,,,,,,,,,,,,,,,,,,,,,,,,,,,,,,,,,,,,,,,,,,,,,,,,,,,,,,,,,,,,,,,,,,,,,,,,,,,,,,,,,,,,,,,,,,,,,,,,,,,,,,,,,
CHL,37.0,36.0,1.0,3.0,5.0,2.0,5.0,,,4.0,6.0,27.0,6.0,,4.0,,7.0,2.0,4.0,2.0,7.0,,,2.0,1.0,,,,,24.0,,2.0,1.0,,2.0,,,1.0,,2.0,,2.0,,,,,2.0,,,,,,,2.0,,,,,,,2.0,,,,,,,,,1.0,,,,,,,,,,,,,,,,,1.0,,,,1.0,,,,,,,,,,1.0,,,,,,,,,,,,3.0,,,,,,,,,,,,,,,,,,,,,,,,,,,,,,,,,,,,,,,,,,,,,,,,,,,,,,,,,,,,,,,,,,,,,,,,,,,,,,,,,,,,,,,,,,,,,,,,,,,,,,,,1.0
FJI,9.0,10.0,,1.0,1.0,,4.0,,,,1.0,8.0,,,3.0,1.0,10.0,,,1.0,4.0,4.0,,1.0,,,,,,7.0,1.0,1.0,,,,,1.0,,,,,,,,4.0,,1.0,,,2.0,,,,1.0,,3.0,,,,,,,,,4.0,,,,,,,,,,,,,,,,,,,,,,,,,,,,,,,,,1.0,,,,,,,,,,,,,,,,,,,,,,,,,,,,,,,1.0,,,,,,,,,,,,,,,,,,,,,,,,,,,,,,,,,,,,,,,,,,,,,,,,,,,,,,,,,,,,,,,,,,,,,,,,,,,,,,,,,,,,,,,,
POL,61.0,61.0,12.0,1.0,,2.0,17.0,11.0,,58.0,3.0,20.0,3.0,,15.0,10.0,18.0,,7.0,8.0,12.0,,,10.0,1.0,,,,,18.0,,1.0,3.0,6.0,,,8.0,,,1.0,,1.0,,,1.0,,53.0,1.0,,1.0,,,,5.0,1.0,5.0,,1.0,2.0,,,,,,,,,,,1.0,,,1.0,,,,,,3.0,,,,,,,,,,,,1.0,,,,,2.0,,1.0,,,,,,,,,,,,,,,,,,,,,,1.0,,,,,1.0,,,,,,,,2.0,,,,,,,,1.0,,,,,,,,,,,,,,1.0,,,,,,,,,,,,,,,,,,,,,,,,,,,,,,,,,,,,,,,,,,,,,,,,,,,,,,,,,,,,,,
NLD,78.0,74.0,13.0,5.0,,12.0,21.0,3.0,,43.0,44.0,44.0,11.0,,35.0,4.0,65.0,37.0,20.0,15.0,31.0,,1.0,19.0,7.0,3.0,,,,18.0,,9.0,9.0,1.0,5.0,1.0,18.0,1.0,,10.0,,2.0,,2.0,6.0,,34.0,,1.0,36.0,,,,15.0,1.0,3.0,,,2.0,11.0,,,,,1.0,,5.0,,1.0,9.0,,,1.0,,3.0,,,,,,5.0,,,,,,,,,,21.0,,,,,1.0,,,2.0,,,,,,,,1.0,1.0,,,,,3.0,,,,,,2.0,2.0,,,,,,,,,,,,,,,6.0,,,2.0,,,,,,,2.0,,,,,,,,,,,,,,,,,,,,,,,,,,,,,,,,,,,,,,,,,,,,,,,,,,,,2.0,3.0,,,,,,,,,,,,,,,,,,,
NOR,41.0,40.0,3.0,3.0,,4.0,1.0,,,23.0,,21.0,4.0,,,12.0,11.0,2.0,8.0,10.0,16.0,,,3.0,2.0,2.0,,,,32.0,,2.0,1.0,3.0,4.0,,3.0,,,1.0,,1.0,2.0,4.0,12.0,,19.0,,,2.0,,1.0,,9.0,,6.0,,,,1.0,,,,,,,,,,,6.0,,,,5.0,,,,,,,,,,,,,,,,4.0,,,,,,,,,,,,,,,,,,,,,,,,,,,,,10.0,,,,,,,,,,,,,,,1.0,,,,,,,,,,,,,,,,,,,1.0,,,,,,,,,,,,,,,,,,,,,,,,,,,,,,,,,,,,,,,,,,,,,,,,,,,,,,,,,,,,,,,
PNG,5.0,7.0,,,,,,,,,,12.0,2.0,,,1.0,5.0,,,4.0,3.0,,,,2.0,,,,,,,4.0,,,3.0,,,1.0,,,,,,2.0,1.0,,,,,,,,,3.0,,4.0,,,,4.0,,,,,,,,,,,,,,,,,2.0,,,,,,,,,,,,,,2.0,,,,,,,,,,,,,,,,,,,,,,,1.0,,,,,,,,2.0,,,,,,,,,,,,,,,,,,,,,,,,,,,,,,,,,,,,,,,,,,,,,,,,,,,,,,,,,,,,,,,,,,,,,,,,,,,,,,,,,,,,,,,,,,,,,,,
HRV,10.0,8.0,,,,3.0,4.0,,,1.0,,6.0,,,4.0,1.0,,,,1.0,10.0,,,5.0,,,,,,4.0,,,,4.0,,,5.0,,,,,,,,1.0,,,,,2.0,,,,1.0,,,,,,,,,,,,,,,,,10.0,,,,,,,,,,,,,,,,,,,,,,,,4.0,,,,,,,,,,,,,,,,,,,,,,,,,,,,,,,,,,,,,,,,,,,,,,,,,,,,,,,,,,,,,,,,,,,,,,,,,,,,,,,,,,,,,,,,,,,,,,,,,,,,,,,,,,,,,,,,,,,,,,,,,,
QAT,42.0,30.0,20.0,,,3.0,4.0,,,41.0,10.0,17.0,20.0,,53.0,,12.0,1.0,1.0,3.0,19.0,,,2.0,7.0,1.0,,,,26.0,,5.0,3.0,,,1.0,2.0,2.0,2.0,,,8.0,,,9.0,11.0,5.0,4.0,2.0,12.0,,,,5.0,,15.0,,4.0,,,,,,,1.0,,,,,17.0,,,,,,,,,,,,,,,,,,,,13.0,,,,,3.0,,,2.0,,,,1.0,,,,,,,,,,,,1.0,,,,,1.0,,,,,,1.0,,,,,,,,,,,,,,,,,,,,,,,,,,,,,,,,1.0,,,,,1.0,,,,,,,,,,,,,,,,,,,,,,,,,,,,,,,,,,,,,,,,,,,,,,,,,,,,,,,
HTI,24.0,21.0,1.0,1.0,,,,,,15.0,1.0,20.0,,,4.0,2.0,3.0,1.0,,2.0,4.0,,,2.0,,,,,,31.0,,4.0,2.0,,,,,,,,,,,,,,,,,4.0,,,,,,1.0,,1.0,,,1.0,,,,,,,,,,2.0,,1.0,,,,,,,,,,,1.0,,,,,,,,,,1.0,,2.0,,,,,,,,,,,,,,,,,,,,,,,,,,,,,,,,,,,,,,,,,,,,,,,,,,,,,,,,,,,,,,,,,,,,,,,,,,,,,,,,,,,,,,,,,,,,,,,,,,,,,,,,,,,,,,,,,,,,,,,,,
CUB,48.0,44.0,3.0,1.0,,,3.0,3.0,,30.0,,22.0,13.0,,2.0,6.0,6.0,5.0,2.0,2.0,19.0,,,6.0,2.0,1.0,,,,50.0,,1.0,,4.0,,,2.0,,,2.0,,,5.0,,3.0,,3.0,4.0,,,,1.0,,4.0,3.0,4.0,,,,,,,,,,,,,,,,,,,,,,1.0,,,3.0,,4.0,,,,,,,,,,,,,,,,,,,,,,,,,,,,,,,,,,,,,,,,,,,,,,,,,,,,,,,,,,,,,,,,,,,,,,,,,,,,,,,,,,,,,,,,,,,,,,,,,,,,2.0,,,,,,,,,,,,,,,,,,,,,,,,,,,,,,,,,,
SLE,5.0,5.0,1.0,,,,,,,,,4.0,,,,,2.0,,2.0,,1.0,,,,,,,,,1.0,1.0,,,,2.0,,,,,,,,,,,,2.0,,,,,,,,,,,,,,,,,,,,,,,,,,,,,,3.0,,,,1.0,,,,,,,,,,,,,,,,,,,,,,,,,,,,,,,,,,,,,,,,,,,,,1.0,,,,,,,,,,,,,,,,,,,,,,,,,,,,,,,,,,,,,,,,,,,,,,,,,,,,,,,,,,,,,,,,,,,,,,,,,,,,,,,,,,,,,,,,,,,
CYP,26.0,25.0,21.0,,,,11.0,,,10.0,5.0,73.0,4.0,,3.0,,8.0,,23.0,1.0,15.0,,,1.0,,,,,,17.0,,,1.0,,9.0,,20.0,,,2.0,,7.0,3.0,,7.0,,45.0,,,,,1.0,,29.0,1.0,4.0,,1.0,,,,,,,,3.0,,,2.0,,,,,,,,,,,,,,,,,,1.0,,,,4.0,,73.0,,,,,,,,,2.0,,,,,,,,,,,,,,,,,,,,,,,,,,,,,,,4.0,,,,,,,,,,,,12.0,,,,,,,,,,,,,,,,,,,,,,,,,,,,,,,,,,,,,,,,,,,4.0,,,,,,,,,,,,,,,,,,,,,,,,,,,,,
DOM,17.0,20.0,3.0,,,,2.0,,,13.0,3.0,16.0,,,,1.0,8.0,2.0,6.0,,7.0,9.0,,,,,,,,1.0,,3.0,12.0,1.0,2.0,,1.0,,,,,1.0,,,,,1.0,,,,,,,5.0,,6.0,,,,1.0,,,,,,,,,,,,,,,,,,2.0,,,,,,,,,,,,,8.0,,,,3.0,2.0,,1.0,,,,,,,,,,,,,,,,,,,,,,,,,,,,,,,,,,,,,,,,,,,,,,,,,,,,,,,,,,,,,,,,,,,,,,,,,,,,,,,,,,,,,,,,,,,,,,,,,,,,,,,,,,,,,,,,,,,,,,,
SWE,38.0,34.0,9.0,,,2.0,12.0,,,31.0,2.0,14.0,4.0,,4.0,8.0,17.0,5.0,3.0,13.0,23.0,,,6.0,1.0,2.0,,,,21.0,2.0,6.0,1.0,6.0,2.0,,5.0,,,5.0,,1.0,1.0,,2.0,5.0,10.0,1.0,,,,,,6.0,,11.0,,6.0,,3.0,,,,,,,1.0,,,1.0,,,,,,,1.0,,,,,,,,1.0,,,,,2.0,2.0,,,,,3.0,,,,,,,,,,,,1.0,,,,,,,,7.0,,,,,,,,,,,,,3.0,,,,,,,,,,,,,,,,,,,,,,,,,,,,,,,,,,,,,,,,,,,,,,,,,,,,,,,,,,,,,,,,,,,,,,,,,1.0,,,,,,,,,,,,,,,
TWN,131.0,109.0,1.0,9.0,2.0,2.0,6.0,13.0,,10.0,6.0,39.0,,,3.0,1.0,11.0,,,12.0,15.0,,,14.0,14.0,,,,,135.0,1.0,6.0,6.0,1.0,13.0,,7.0,,,4.0,,6.0,2.0,14.0,,1.0,8.0,,,3.0,,1.0,,1.0,8.0,10.0,1.0,1.0,2.0,3.0,1.0,,,,1.0,,,,,,,,,,2.0,,,,3.0,1.0,3.0,,,,,,,,,1.0,,,1.0,,3.0,,,,,,,,,,,,,,,,,,,2.0,,,,,,,1.0,,,,,,,,,,,,2.0,,,,,,,,,,,,,,,,,,,,,,,,,,,,,,,,,,,,,,,,,,,,,,,,,,,,,,,,,,,,,,,,,,,,,,,,,,,,,,,,,,,,
SAF,,,1.0,,,1.0,,,,,,1.0,,,,,2.0,,,,2.0,,,,,,,,,,,1.0,,,,,,,,,,,,,1.0,,,,,,,,,,,,,,,,,,,,,,,,,,,,,6.0,,,,,,,,,,,,,,,,,,,,,,,,,,,,,,,,,,,,,,,,,,,,,,1.0,,,,,,,,,,,,,,,,,,,,,,,,,,,,,,,,,,,,,,,,,,,,,,,,,,,,,,,,,,,,,,,,,,,,,,,,,,,,,,,,,,,,,,,,,,,,,,,,,
LUX,8.0,9.0,4.0,,,,7.0,,,8.0,,4.0,4.0,,,1.0,11.0,3.0,1.0,24.0,6.0,,,2.0,1.0,1.0,,,,6.0,,1.0,,,,,1.0,,,,,,,,5.0,,,1.0,,,,,,,,,,,1.0,5.0,,,,,,,,,,,,,,,1.0,,,,,2.0,3.0,,,,,,,,,,,,,,,,,,,,,,,,,,,,,,,,,,,,,,,,,,,,,,,,,,,,,,,,,,,,,,,,,2.0,,7.0,,,,,,,,,,,,,,,,,,,,,,,,,,,,,,,,,,,,,,,,,,,,,,,,,,,,,,,,,,,,,,,,,,,,,
MDG,,,,,,,,,,,6.0,8.0,,,,,3.0,,,,,,,,,,,,,4.0,,,,,,,6.0,,,,,,,,,,,,,,,,,,,3.0,,,,,,,,,,,,,,,,,,,,,,,,,,,,,,,,,,,,,,,,,,,,,,,,,,,,,,,,,,,,,,,,,,,,,,,,,,,,,,,,,,,,,,,,,,,,,,,,,,,,,,,,,,,,,,,,,,,,,,,,,,,,,,,,,,,,,,,,,,,,,,,,,,,,,,,,,,,,,,,,,
SRB,7.0,7.0,4.0,3.0,2.0,3.0,5.0,,,16.0,,10.0,5.0,,6.0,,,,10.0,1.0,5.0,,,,,,,,,2.0,1.0,,,,2.0,,4.0,4.0,,,,,,,,,,2.0,,5.0,,,,1.0,2.0,1.0,5.0,,,,,,,,,,,,,,,,,,,,,,,,,,10.0,,,,,,,,4.0,,,,,,,,,,,,,,,,,,,3.0,,,,,,,,,,,,,,,,,,,,,,,,,,,,,,,,,,,,,,,2.0,,,,,,,,,,,,,,,,,,,,,,,,,,,,,,,,,,,,,,,,,,,,,,,,,,,,,,,,,,,,,,,,,,,,
NIC,13.0,13.0,1.0,,,,1.0,,,4.0,2.0,4.0,2.0,,,,,3.0,3.0,,7.0,,,1.0,,,,,,3.0,,,,,2.0,,,,,,,,,,3.0,,,,,,2.0,,,1.0,,,,,,3.0,,,,,1.0,,,,,,,,,,,,,,,,,,,,,,,,,,,,,,,,2.0,,,,,,,,6.0,,,,,,,,,,,,,,,,,,,,,,,,,,,,,,,,,,,,,,,,,,,,,,,,,,,,,,,,,,,,,,,,,,,,,,,,,,,,,,,,,,,,,,,,,,,,,,,,,,,,,,,,,,,,,,,,
NMR,32.0,30.0,1.0,,1.0,3.0,,,,,1.0,8.0,,,4.0,1.0,8.0,,,15.0,8.0,,,9.0,,,,,,11.0,,13.0,,,,,1.0,,,2.0,,,,,3.0,,,,,6.0,,,,2.0,,,,,,,1.0,,,,,,,,,4.0,,,,,,,,,,,,,,,,,,,,,,,,,,,,,,,,,,,,,,,,,,,,,,,,,,,,,,,,,,,,,,,,,,,,,,,,,,,,,,,,,,,,,,,,,,,,,,,,,,,,,,,,,,,,,,,,,,,,,,,,,,,,,,,,,,,,,,,,,,,,,,,,,,,
OMN,18.0,19.0,4.0,,,5.0,,1.0,,32.0,2.0,19.0,14.0,,25.0,4.0,9.0,2.0,11.0,,44.0,5.0,,9.0,8.0,1.0,,,,24.0,,6.0,,,2.0,,4.0,,2.0,2.0,,,,,4.0,5.0,14.0,,,4.0,,,,12.0,,7.0,,,,3.0,,,,,,,,,,,9.0,,,,1.0,,,,,10.0,,,4.0,,,,,,,,5.0,,,,,,,,,,,,,,,,,,,,,,,,,,,,,,,2.0,,,,,,,,,,,,,,,,,,,,,,,,,,,,,,,,,,,,,,,,,,,,,,,,,,,,,,,,,,,,,,,,,,,,,,,,,,,,,,,,,,,,,,,,,,,,,,,
PRY,4.0,4.0,,,,,,,,,,6.0,,,33.0,,1.0,,,12.0,2.0,,,,,,,,,7.0,9.0,2.0,,,,,,,,,,,,,,,2.0,,,20.0,,,,,,,,,,,,,,,,,,,,,,,,,,,,,,,,,,,,,,,,,,,,,,1.0,,,,,,,,,,,,,,,,,,,,,,,,,,,,,,,,,,,,,,,,,,,,,,,,,,,,,,,,,,,,,,,,,,,,,,,,,,,,,,,,,,,,,,,,,,,,,,,,,,,,,,,,,,,,,,,,,,,,,,,,,
URY,9.0,7.0,,,1.0,,4.0,,,,,7.0,,,37.0,,2.0,,6.0,16.0,3.0,,,2.0,,,,,,8.0,14.0,3.0,,,,,1.0,,,,,,,,,,,,,24.0,,,,,1.0,4.0,,,,,,,,,1.0,,,,,,,,,,,,,,,,,,,,,,,,,,,,,,,,,,,,,,,,,,,,,,,,,,,,,,,,,,,,,,,,,,,,,,,,,,,,,,,,,,,,,,,,,,,,,,,,,,,,,,,,,,,,,,,,,,,,,,,,,,,,,,,,,,,,,,,,,,,,,,,,,,,,,,,,
SAS,7.0,7.0,1.0,2.0,,,,,,6.0,,14.0,,,12.0,1.0,10.0,1.0,2.0,8.0,1.0,,,,,3.0,,,,6.0,,,,,,,3.0,,,,,,,,3.0,,1.0,,,,,,,,,,,,,,,,,,,2.0,,,,,,,,,,,,,,,,,,,,,,,,,,,,,,,,,,,,,,,,,,,,,,,,,,,,,,,,,,,,,,,,,,,,,,,,,,,,,,,,,,,,,,,,,,,,,,,,,,,,,,,,,,,,,,,,,,,,,,,,,,,,,,,,,,,,,,,,,,,,,,,,,,,,,,,
CMR,11.0,11.0,1.0,6.0,9.0,1.0,1.0,,,,,3.0,4.0,,,3.0,6.0,,3.0,1.0,6.0,,,3.0,2.0,,,,,4.0,,,,,3.0,,1.0,,,,,,,,,,11.0,,,7.0,,,,,,1.0,,,,4.0,,,,,,1.0,,,,,,,,,,,,,,,1.0,,,,,,,,,,,,,,,,,,,,,,,,,,,,,10.0,,,,,,,,,,2.0,,,,,,,,,,,,,,,,,,,,,,,,,,,,,,,,,,,,,,,,,,,,,,,,,,,,,,,,,,,,,,,,,,,,,,,,,,,,,,,,,,,,,,,,,,,,,,,,,
GAB,1.0,1.0,,,,,,,,,,,,,,3.0,,,,,,,,,,,,,,,,,,,,,,,,,,,,,1.0,,,,,,,,,1.0,,,,,,,,,,,,,,,,,,,,,,,,,,,,,,,,,,,,,,,,,,,,,,,,,,,,,,,,,,,,,,,,,,,,,,,,,,,,,,,,,,,,,,,,,,,,,,,,,,,,,,,,,,,,,,,,,,,,,,,,,,,,,,,,,,,,,,,,,,,,,,,,,,,,,,,,,,,,,,,,,,,
COL,16.0,17.0,1.0,,5.0,7.0,2.0,,,20.0,17.0,18.0,,,19.0,2.0,15.0,,3.0,1.0,10.0,,,6.0,,,,,,,,2.0,1.0,,,,4.0,,3.0,4.0,,1.0,,,,,3.0,,,,1.0,,,,,,2.0,1.0,,6.0,,,,,,,1.0,,,1.0,,,,,,,,,1.0,,,,,,,,,,,,,,,,,,,,,,,,,,,,,,,,,,,,,,,,,,,,,,,,,,,,,,,,,,,,,,,,,,,,,,,,,,,,,,,,,,,,,,,,,,,,,,,,,,,,,,,,,,,,,,,,,,,,,,,,,,,,,,,1.0,,,,,,,,,,,
DZA,16.0,15.0,3.0,9.0,,1.0,1.0,1.0,,14.0,12.0,11.0,,,,2.0,,1.0,15.0,,5.0,,,13.0,,,,,,1.0,1.0,1.0,,,5.0,,10.0,,1.0,,,,4.0,,1.0,,8.0,,,8.0,,,,3.0,,1.0,,,,1.0,2.0,,,,,,,,,,,,,,,,,,,,1.0,,,,,,,,,,2.0,,,,,,,,,,,,,,,,,,,1.0,,,,,,,,,,,,,,,,,,,,,,,,,4.0,,,,,,,,,,,1.0,,,,,,,6.0,,,,,,,,,,,,,,,,,,,,,,,,,,,,,,,,,,,,,,,,,,,,,,,,,,,,,,,,,,,,,,,,
MLI,2.0,2.0,2.0,,,4.0,,,,4.0,1.0,3.0,,,,2.0,9.0,,,,2.0,,,,,,,,,11.0,,,,,,2.0,,,,,,,1.0,,1.0,,20.0,,,15.0,,,,1.0,,,,,,,,,5.0,,,,,,,,,,,,,,1.0,,,,,,,,,,,,,,,,,,,,,,,,,,,,,,,,,,,,,,,,,,,,,,,,,,,,,,,,,,,,,,,,,,,,,,,,,,,,,,,,,,,,,,,,,,,,,,,,,,,,,,,,,,,,,,,,,,,,,,,,,,,,,,,,,,,,,,,,,,,,
ISL,5.0,4.0,,,,2.0,2.0,,,,,7.0,,,,,2.0,,4.0,,,,,,,,,,,2.0,,,2.0,,4.0,,,,,,,,,,,,2.0,,,,,,,,,,,,,1.0,,,,,,,,,,,,,,,,,,1.0,,,,,,,,,,,,,1.0,,,,,,,,,,,,,,,,,,,,,,,,,,,,,,,,,,,,,,,,,,,,,,,,,,,,,,,,,,,,,,,,,,,,,,,,,,,,,,,,,,,,,,,,,,,,,,,,,,,,,,,,,,,,,,,,,,,,,,,,,,,,,,
ZMB,23.0,20.0,12.0,,,8.0,2.0,,,2.0,4.0,11.0,,,3.0,2.0,3.0,1.0,4.0,7.0,19.0,2.0,3.0,2.0,2.0,3.0,,,,2.0,2.0,1.0,,,,,,,,,,,,,6.0,,,,,1.0,,,,,,,,1.0,,1.0,,,,,,,,,,,,,,,,,,,,,,,,1.0,,,,,,,,,,,,,,,,,,,,,,,,,,,,,,,,,,,,,,,,,,,,,,,,,,,,,,,,,,,,,,,,,,,,,,,,,,,,,,,,,,,,,,,,,,,,,,,,,,,,,,,,,,,,,,,,,,,,,,,,,,,,,,,,,,,,,
HKG,,,,,,,,,,,,,,,,,2.0,,,,,,,1.0,,,,,,3.0,,,,,,,2.0,,,,,,,,,,,,,,,,,,,,,,,,,,,,,,,,,,,,,,,,,,,,,,,,,,,,,,,,,,,,,,,,,,1.0,,,,,,,,,,,,,,,,,,,,,,,,,,,,,,,,,,,,,,,,,,,,,,,,,,,,,,,,,,,,,,,,,,,,,,,,,,,,,,,,,,,,,,,,,,,,,,,,,,,,,,,,,,,,,,,,,,
NPL,43.0,40.0,9.0,6.0,2.0,3.0,9.0,4.0,,19.0,5.0,29.0,4.0,,19.0,6.0,8.0,5.0,3.0,9.0,19.0,1.0,,1.0,1.0,,,,,11.0,,,4.0,2.0,,,6.0,1.0,,3.0,,3.0,,,,,10.0,3.0,,,,,1.0,7.0,,3.0,,,,,4.0,,,,,,1.0,,,,,,,,,2.0,2.0,,,,,,,,,,3.0,,,,9.0,,,,,3.0,,5.0,,,,,,,,,1.0,,,,,,1.0,,,1.0,,,,,,,,,,,,,,,,,,,,,,,,,,,,1.0,,,,,,,,,,,,1.0,,,,,,,,,,,,,,,,,,,,,,,,,,,,,,,,,,,,,,,,,,,,,,,,,,,,,,,,,,,,,
NRU,3.0,3.0,,,,,,,,,,2.0,,,4.0,,,,,,,,,,,,,,,4.0,,,,,3.0,,,,,,,,,,,,,,,,,,,,,,,,,3.0,,,,,,,,,,,,,,,,,,,,,,,,,,,,,,,,,,,,,,,,,,,,,,,,,,,,,,,,,,,,,,,,,,,,,,,,,,,,,,,,,,,,,,,,,,,,,,,,,,,,,,,,,,,,,,,,,,,,,,,,,,,,,,,,,,,,,,,,,,,,,,,,,,,,,,,,,,,,,
TUV,,,,,,,,,,,,,,,6.0,,,,,,,,,,,,,,,,,,,,,,,,,,,,,,,,,,,,,,,,,,,,,,,,,,,,,,,,,,,,,,,,,,,,,,,,,,,,,,,,,,,,,,,,,,,,,,,,,,,,,,,,,,,,,,,,,,,,,,,,,,,,,,,,,,,,,,,,,,,,,,,,,,,,,,,,,,,,,,,,,,,,,,,,,,,,,,,,,,,,,,,,,,,,,,,,,,,,,,,,,,
SOM,27.0,28.0,4.0,,2.0,,5.0,9.0,,28.0,7.0,9.0,6.0,,20.0,3.0,4.0,5.0,7.0,1.0,21.0,,,6.0,,,,,,3.0,,1.0,7.0,2.0,1.0,,5.0,,1.0,5.0,,3.0,,,2.0,1.0,21.0,,,9.0,,,1.0,1.0,,31.0,,1.0,4.0,,,,,,,,1.0,,,2.0,,,,,,,3.0,,,,,,,,,,,,,,2.0,,,,,1.0,,,,,,,,,,,,,,,,,,,,,,,,,,,,,,,,,8.0,,,,,,2.0,,,,1.0,,,,,,,,,,1.0,,,,,,,,,,1.0,,,,,,,,,,,,,,,,,,,,,,,,,,,,,,,,,,,,,,,,,,,,,,,,,,,,,,,,,,
TON,8.0,8.0,,,,,,4.0,,,,,,,4.0,1.0,,,3.0,,7.0,,,,,,,,,,,5.0,,,,,,,,,,,,,,,,,,,,,,,,5.0,,,,,,,,,,,,,,,,,,,,,,,,,,,,,,,,,,,,,,,,,,,,,,,,,,,,,,,,,,,,,,,,,,,,,,,,,,,,,,,,,,,,,,,,,,,,,,,,,,,,,,,,,,,,,,,,,,,,,,,,,,,,,,,,,,,,,,,,,,,,,,,,,,,,,,,,,,,,,,,,,
BLR,21.0,14.0,2.0,,,8.0,,9.0,,22.0,,11.0,4.0,,5.0,1.0,7.0,5.0,3.0,3.0,29.0,,,2.0,,,,,,19.0,,,,2.0,,,3.0,,,1.0,,,,,1.0,,6.0,,,11.0,,,,1.0,,5.0,,,,,,,,,,,,,,,,1.0,,,,,,2.0,,,,,,,,,,,,,,,,,,,,,,,,,,6.0,,,,,,,,,,,,,,,,,,,,,,,,,,,,,,,,,,,,,,,,,,1.0,,,,,,,,,,,,,,,,,,,,,,,,,,,,,,,,,,,,,,,,,,,,,,,,,,,,,,,,,,,,,,,,,,,,,,,
SEN,14.0,13.0,1.0,,,2.0,,,,,3.0,1.0,1.0,,,,4.0,,8.0,,1.0,,,,,2.0,,,,,,1.0,4.0,,,,,,,,,,,,,,,,,,,,,,,,,,,,,,,,,,,,,,,,,,,,,,,,,,,,,,,,,,,,,,,,,,,,,,,,,,,,,,,,,,,,,,,,,,,,,,,,,,,,,,,,,,,,,,3.0,,,,,,,,,,,,,,,,,1.0,,,,,,,,,,,,,,,,,,,,,,,,,,,,,,,,,,,,,,,,,,,,,,,,,,,,,,,,,
BWA,19.0,19.0,5.0,2.0,,,1.0,,2.0,22.0,2.0,34.0,,,16.0,2.0,11.0,2.0,,7.0,1.0,,,1.0,1.0,,,,,37.0,,4.0,8.0,1.0,,,6.0,,,,,1.0,,,1.0,,7.0,1.0,,4.0,2.0,,,,1.0,2.0,,1.0,,,,,,,1.0,,,,,,,,,,,,,,,,1.0,,,,,,,,1.0,,,,,,,,,,,,,,,,,,,,,,,,,,,,,,,,,,,,1.0,,,,,,,,,,,,,,,,,,,,,,,,,,,,,,,,,,,,,,,,,,,,,,,,,,,,,,,,,,,,,,,,,,,,,,,,,,,,,,,,,,,,,,,,,,,,
CIV,3.0,2.0,,,,6.0,,2.0,,24.0,2.0,5.0,,,2.0,2.0,4.0,,4.0,1.0,10.0,1.0,,5.0,,,,,,2.0,,,1.0,,,,,,,,,,1.0,,,,3.0,,,,,,,,,,,,,,,,,,,,,,,,,,,,,,,,,,,,,,,,,,,,,,,,,,,,,,,,,,,,,,,,,,,,,,,,,,,,,,,,,,,,,,,,,,,,,,,,,,,,,,,,,,,,,,,,,,,,,,,,,,,,,,,,,,,,,,,,,,,,,,,,,,,,,,,,,,,,,,,,,,,,,,,,,,
MWI,25.0,25.0,2.0,9.0,,,,,,2.0,4.0,18.0,2.0,,,1.0,12.0,3.0,17.0,6.0,12.0,,,5.0,5.0,,,,,37.0,,,,,5.0,,3.0,,,1.0,,,,2.0,3.0,,17.0,,,1.0,,,,12.0,,,,,,1.0,,,,,1.0,,,,,,,,,,,,,,,,,,,,,,,,2.0,,,,,,,,1.0,,,4.0,,,,,,,,,,,,,3.0,,,,,,,,,,,,,,,,,,,,,,,,,,,,,,,,,,,,,,,,,,,,,,,,,,,,,,,,,,,,,,,,,,,,,,,,,,,,,,,,,,,,,,,,,,,,,,,,,,,,,,,,
BHS,23.0,22.0,2.0,,1.0,,2.0,2.0,,11.0,1.0,13.0,,,,,9.0,,14.0,,19.0,,,1.0,,3.0,,,,12.0,,1.0,,,3.0,,3.0,,,,,,,5.0,7.0,,12.0,,,,1.0,,,2.0,,1.0,,,,,,,,,,,,,,,,,,,,,,,,,,,1.0,1.0,,,,,,,2.0,,,,,,,,,,,,,,,,,,,,1.0,,,,,,,,,,,,,,,,,,,,,,,,,,,,,,,,,,,,,,,,,,,,,,,,,,,,,,,,,,,,,,,,,,,,,,,,,,,,,,,,,,,,,,,,,,,,,,,,,,,,,,,,,,
KHM,23.0,26.0,1.0,1.0,2.0,,8.0,2.0,,18.0,,35.0,12.0,,,7.0,11.0,,8.0,,15.0,8.0,,3.0,,1.0,,,,1.0,2.0,1.0,6.0,1.0,1.0,,5.0,9.0,,,,,,,,9.0,,,,2.0,1.0,2.0,,7.0,2.0,,,,,,,,,,,,,,,,,,,,,,,1.0,,,,,,,1.0,,,,,1.0,3.0,,,,,,2.0,,,,6.0,,,,,,,,,,,,,,,1.0,,,,,,,1.0,,,,1.0,,,,,,,,,,,,,,,,,,,,,,,,,,1.0,,,,,,,,,,,,,,,,,,,,,,,,,,,,,,,2.0,,,,,,,,,,,,,,,,,,,,,,,,,,,,,,,,,
KWT,19.0,13.0,3.0,,8.0,5.0,6.0,1.0,2.0,22.0,5.0,11.0,3.0,,4.0,,18.0,,9.0,1.0,32.0,,,3.0,,1.0,,,,2.0,,3.0,,3.0,,,1.0,,,1.0,,,,4.0,2.0,,4.0,,,9.0,,,,3.0,,15.0,2.0,2.0,,,,,,,2.0,,,,,,,,,,,,1.0,,,,,,,,,,,,,,,,1.0,,,,,,,,,,,,,,,,,,,,,,,,,,,,,,,2.0,,,,,1.0,,,,4.0,,2.0,,,,,,,,3.0,,1.0,,,,,,,,,,,,,,,,,,,,,,,,,,,,,,,,,,,,,,,,,,,,,,,,,,,,,,,,,,,,,,,,,,,,,,,,
BRN,2.0,2.0,,,,,2.0,,,4.0,,6.0,,,,13.0,5.0,,2.0,,8.0,,,,,,,,,3.0,,,2.0,,4.0,,3.0,,,,,,,,,1.0,,,,2.0,,,,,,,,,,,,,,,,,,,,,,,,,,6.0,,,,,,,,,,,,,,,,,,,,,,,,,,,,,,,,,,,,,,,,,,,1.0,2.0,,,,2.0,,,,,,,,,,,,,,,,,,,,,,,,,,,,,,,,,,,,,,,,,,,,,,,,,,,,,,,,,,,,,,,,,,,,,,,,,,,,,,,,,,,,,,,,,,,,,
GIN,3.0,3.0,,,,,2.0,,,,,1.0,,,,,,,,,1.0,,,,,,,,,,,,,,1.0,,1.0,,,,,,,,,,4.0,,,,,2.0,,,,,,,,3.0,,,,,,,,,,,,,,,,,,,,,,,,,,,,,,,4.0,,,,,,,,,,,,,,,,,,,,,,,,,,,,,,,,,,,,,,,,,,,,,,,,,,,,,,,,,,,,,,,,,,,,,,,,,,,,,,,,,,,,,,,,,,,,,,,,,,,,,,,,,,,,,,,,,,,,,,,,,,,,,,
AGO,40.0,36.0,,,2.0,,,,,15.0,2.0,10.0,6.0,,13.0,1.0,4.0,,1.0,,7.0,,,4.0,,,,,,60.0,,,2.0,,,,,,,,,,,,4.0,,,,,5.0,,,,,,,,4.0,,,,,,,,2.0,,,,,,,,,,,,,,,,,,,,,,,,,,,,,,,,,,,,,,,,,,,,,,,,,,,,,,,,,,,,,,,,,,,,,,,,,,,,,,,,,,,,,,,,,,,,,,,,,,,,,,,,,,,,,,,,,,,,,,,,,,,,,,,,,,,,,,,,,,,,,,,,,,,,,,,
MAR,21.0,18.0,7.0,,,6.0,2.0,,,18.0,3.0,21.0,2.0,,17.0,4.0,9.0,2.0,4.0,3.0,16.0,,,1.0,,,,,,13.0,2.0,,16.0,,8.0,,2.0,,,1.0,,,2.0,2.0,1.0,,5.0,3.0,,2.0,,1.0,,6.0,,2.0,,,,,,,,,,,,,,,,,,,1.0,,4.0,2.0,,,,,,,,,,,,,4.0,,,,,,,,,,,,,,,,,,,,,,,,,,,,,,,,,,,,,,,,,,,,2.0,,,,,,,,,,,,,,,,,,,,,,,,8.0,,,,,,,,,,,,,,,,,,,,6.0,,,,,,,,,,,,,,,,,,,,,,,,,,,,,,,,,,,,,,
WAF,8.0,5.0,1.0,,1.0,,,,,5.0,,2.0,,,,,5.0,,,2.0,6.0,,,,,,,,,,3.0,2.0,,,2.0,,1.0,,,,4.0,,,,,,,,,5.0,,,,2.0,,,,,,,,,,,,,,,,,,,,,,,,,,,,,,,,,,,,,,,,,,,,,,,,,,,,,,,,,,,,,,,,,,,,,,,,,,,,,,,,,,,,,,,,,,,,,,,,,,,,,,,,,,,,,,,,,,,,,,,,,,,,,,,,,,,,,,,,,,,,,,,,,,,,,,,,,,,,,,,,,,,
MCO,20.0,20.0,1.0,,2.0,,,,,10.0,,2.0,,,,6.0,1.0,,8.0,,7.0,,,3.0,1.0,,,,,18.0,,10.0,2.0,,2.0,,,,,,7.0,,,4.0,1.0,,16.0,3.0,,28.0,,,,2.0,,4.0,,1.0,,1.0,,,,,1.0,,,,,,,,,,,,,,,1.0,,,,,,,,,,,9.0,,,,,,,,,,,,,,,,,,,,,,,2.0,,,,,,,,,,,,,,,,,,,,,,,,,,,,,,,,,,,,,,,,,,,,,,,,,,,,,,,,,,,,,,,,,,,,,,,,,,,,,,,,,,,,,,,,,,,,,,,,,,,,,,,
TCD,7.0,9.0,3.0,,,,2.0,,,2.0,2.0,2.0,,,2.0,,,,4.0,,2.0,,,2.0,,1.0,,,,8.0,,4.0,1.0,,,,3.0,,,,,9.0,,,,,10.0,,,,,,,,,4.0,,,,1.0,,,,,2.0,,1.0,,,,,,,,,,,,,,,,,,,,,,,1.0,,2.0,,,,,,,,,,,,,,,,,,,,,,,,,,,,,,,,,,,,,,,,,,,,,,,,,,,,,,,,,,,,,,,,,,,,,,,,,,,,,,,,,,,,,,,,,,,,,,,,,,,,,,,,,,,,,,,,,,,,,,,,,,,,,
PAN,33.0,33.0,4.0,,,,,9.0,,11.0,2.0,7.0,1.0,,2.0,,7.0,1.0,6.0,,2.0,,,,6.0,,,,,5.0,,,,,,,4.0,,,,,,,,,,2.0,,,18.0,,,,,,,,,,,,,,,,,,,,,,,,,,,,,,,,,,,,,,,,,,,,,2.0,,,,,,,,,,,,,,,,,,,,,,,,1.0,,,,,,,,,,,,,,,,,,,,,,,,,,,,,,,,,,,,,,,,,,,,,,,,,,,,,,,,,,,,,,,,,,,,,,,,,,,,,,,,,,,,,,,,,,,,,,,,,,
PGS,1.0,1.0,,,,,,,2.0,,,,,,,4.0,3.0,,,1.0,2.0,,,,,,,,,,,,,,,,,,,4.0,,,,,,,4.0,,,,,,,,,,,,,,,,,,,,,,1.0,,,,,,,,,,,,,,,,,,,,,2.0,,,,,,,,,,,,,,,,,,,,,,,,,,,,,,,,,,,,,,,,,,,,,,,,,,,,,,,2.0,,,,,,,,,,,,,,,,,,,,,,,,,,,,,,,,,,,,,,,,,,,,,,,,,,,,,,,,,,,,,,,,,,,,,,,,
MUS,3.0,1.0,,,,,1.0,1.0,,8.0,,1.0,,,,,,,,,1.0,,,,,2.0,,,,,,,,,,,,,,,,2.0,,,,4.0,,,,2.0,,,,,,,,,,,,,,,,,,,,,,,,,,,,,,,,,,4.0,,,,,,,,,,,,,,,,,,,,,,,,,,,2.0,,,,,,,,,,,,,,,,,,,,,,,,,,,,,,,,,,,,,,,,,,,,,,,,,,,,,,,,,,,,,,,,,,,,,,,,,,,,,,,,,,,,,,,,,,,,,,,,,,,,,,,,,,
SLB,10.0,10.0,2.0,,,,3.0,,,2.0,4.0,4.0,,,2.0,2.0,3.0,1.0,,,4.0,,,,,,1.0,,,,,,,,1.0,,,,,,,,,,3.0,,9.0,,,,,,,1.0,,2.0,,,,,,,,,2.0,,,,,,,,,,,,,,,,,,,2.0,,,,,,,1.0,,,,,,,,,,,,,,,,,,,,,,,,,,,,,,,,,,,,,,,,,,,,,,,,,,,,,,3.0,,,,,,,,,,,,,,,,,,,,,,,,,,,,,,,,,,,,,,,,,,,,,,,,,,,,,,,,,,,,,,,,,,,,,,,,
TUN,6.0,5.0,2.0,,,,3.0,,,6.0,,14.0,,,8.0,,3.0,,2.0,7.0,2.0,7.0,,10.0,,,,,,,,,,,1.0,,,,,4.0,,,,,1.0,,12.0,,,20.0,,,3.0,7.0,,5.0,,,,1.0,,,,,,,,,1.0,,,,1.0,,,,,,,,5.0,,,,,,,,,,2.0,,,,5.0,,,,,,,1.0,,,,,,,,,,,,,,,,,,,,,,,,,,,,,,,,,2.0,,,,,,,,,,,,,,,,,,,,,,,,1.0,,1.0,,,,,,,,,,,,,,,,,,,,,,,,,,,,,,,,,,,,,,,,,,,,,,,,,,,,,,,,
LBR,23.0,20.0,1.0,5.0,,,3.0,,,19.0,,20.0,2.0,,2.0,6.0,10.0,,16.0,1.0,16.0,,,2.0,,,,,,10.0,,,,,1.0,,1.0,,2.0,3.0,,,,,3.0,,1.0,,,,,,,2.0,,6.0,,,,,,,3.0,,,,,,,,,,,,,,6.0,,,,,,,,,,,,,,3.0,,,,,,,,,,,,,,,,,,,1.0,,,,5.0,,,,,2.0,1.0,,,,,,1.0,,,,,,,,,,,,,,,,1.0,,,,,,,,,,,,,,,,,,,,,,,,,,,,,,,,,,,,,,,,,,,,,,,,,,,,,,,,,,,,,,,,,,,,,,,,,,,
SVK,4.0,5.0,1.0,,,2.0,5.0,,,35.0,,4.0,,,2.0,,,,,,,,,,,,,,,3.0,,,,,,,2.0,,,,,4.0,,,3.0,,,,,,,,,,,,,,,,,,,,,,,,,,,,,,,,,,3.0,,,,,,,,,,,,,,,,,,,,,,,,,,,,,,,,,,,,,,,,,,,,,,,,,,,,,,,,,,,,,,,,,,,,,,,,,,,,,,,,,,,,,,,,,,,,,,,,,,,,,,,,,,,,,,,,,,,,,,,,,,,,,,,,,,,,,,,,,,
CRI,18.0,18.0,,2.0,,,2.0,1.0,,3.0,1.0,6.0,8.0,,6.0,3.0,9.0,,,7.0,7.0,,,,,,,1.0,1.0,15.0,,,,,,,,,,,,,,,,,,,,,,,,2.0,,,,,,,,,,,1.0,,,,,,,,,,,,,,,,,,,,,,,,,,,,,,,,3.0,,,,,,1.0,,,,,,,,,,,,,2.0,,,,,,,,,,,3.0,,,,,,,,,,,,,,,,,,,,,,,,,,,,,,,,,,,,,,,,,,,,,,,,,,,,,,,,,,,,,,,,,,,,,,,,,,,,,,,,,,,,,,,,,,
SSD,21.0,21.0,,,,,,,,,,3.0,,,6.0,2.0,,,,9.0,7.0,,,1.0,1.0,,,,,,6.0,,,,,,,,,,,,,,1.0,,3.0,,,6.0,,,,,,,,,,,,,2.0,,,,,,,,,,,,,,,,,,,,,,,,,,,,,,,,,,,,,,,,,,,,2.0,,,,,,,,,,,,,,,,,,,,,,,,,,,,,,,,,,,,,,,,,,,,,,,,,,2.0,,,,,,,,,,,,,,,,,,,,,,,,,,,,,,,,,,,,,,,,,,,,,,,,,,,,,,,,,,,,
DJI,10.0,10.0,,,,2.0,1.0,,,2.0,,1.0,,,12.0,,,,,,2.0,,,,,,,,,1.0,,,,,,,,,,2.0,,3.0,,,,,,,,,,,,,,2.0,,,,,,,,,,,,,,,,,,,,,3.0,,,,,,,,,,,,,,,,,,,,,,,,,,,,,,,,,,,,,1.0,,,,,,,,,,,,,,,,,,,,,,,,,,,,,,,,,,,,,,,,,,,,,,,,,,,,,,,,,,,,,,,,,,,,,,,,,,,,,,,,,,,,,,,,,,,,,,,,,,,,,,,
ERI,6.0,6.0,2.0,,,,,,,24.0,1.0,2.0,,,,,,2.0,8.0,6.0,9.0,,,2.0,,,,,,1.0,,,,,1.0,,,,,1.0,,,,,,3.0,,,,,,,,,,,,2.0,,,,,,,,,,,,,,2.0,,,,,,,,,,,1.0,,,,,,,,,,,,,,,,,,,,,,,,,,,,,,,,,,,,,,,,,,,,,,,,,,,,,,,,,,,,,,,,,,,,,,,,,,,,,,,,,,,,,,,,,,,,,,,,,,,,,,,,,,,,,,,,,,,,,,,,,,,,,,,,,,,,,,
KNA,27.0,27.0,,,,,,1.0,,1.0,,7.0,,,,1.0,,,,3.0,,,,2.0,,,,,,24.0,,,,,,,,,,,,,,,,,,,,,,,,,,,,1.0,,,,,,,,,,,,,,,,,,,,,,,,,,,,,,,,,,,,,,,,,,,,,,,,,,,,,,,,,,,,,,,,,,,,,,,,,,,,,,,,,,,,,,,,,,,,,,,,,,,,,,,,,,,,,,,,,,,,,,,,,,,,,,,,,,,,,,,,,,,,,,,,,,,,,,,,,,,,,,,
NAM,20.0,17.0,1.0,7.0,1.0,,,4.0,,15.0,10.0,17.0,,,,5.0,10.0,8.0,9.0,4.0,7.0,,,5.0,7.0,,,,,6.0,,6.0,,,1.0,,2.0,,,,,3.0,,,3.0,,5.0,2.0,,8.0,,,,,6.0,4.0,,2.0,,1.0,,,,,,,,,,2.0,,,,,,,,,,,,,,1.0,,,,,,,2.0,,,,,,,,3.0,,,,,,,,,,,,1.0,,,,,,,,,,,,,,,,,,,,,,,,,,,,,,,,,,,,,,,,,,,,,,,4.0,,,,,,,,,,,,,,,,,,,,,,,,,,,,,,,,,,,,,,,,,,,,,,,,,,,,,,,,,,,
RWA,8.0,7.0,,,,7.0,,,,6.0,2.0,4.0,,,,,12.0,,4.0,6.0,3.0,,,,2.0,,,,,4.0,,,6.0,1.0,,,1.0,,,,,,,,,,,,,4.0,,,,1.0,,,,,,,,,3.0,,,,,,,,,,,,,,,,,,,,,,,,,,,,3.0,,,,,4.0,,,,,,,,,,,,,,,,,,,,,,,,,,,,,,,,,,,,,,,,,,,,,,,,,,,,,,,,,,,,,,,,,,,,,,,,,,,,,,,,,,,,,,,,,,,,,3.0,,,,,,,,,,,,,,,,,,,,,,,,,,,,
GRD,20.0,20.0,2.0,2.0,1.0,,,,,,,6.0,,,2.0,,,,,,4.0,,,,,,,,,20.0,,,,,,,,,,,,,,,,,1.0,2.0,,,,,,,,,,,,,,,,,,,,,,,,,,,,,,,,,,,,,,,,,,,,,,,,1.0,,,,,,,,,,,,,,,,,,,,,,,,,,,,,,,,,,,,,,,,,,,,,,,,,,,,,,,,,,,,,,,,,,,,,,,,,,,,,,,,,,,,,,,,,,,,,,,,,,,,,,,,,,,,,,,,,,,,,,,,,
LCA,20.0,20.0,,,1.0,,,,,11.0,,9.0,,,1.0,,,,,,,,,,,,,,,29.0,,,,,,,1.0,,,,,,,,,,,,,,,,1.0,,,,,,,,,,,,,,,,,,,,,,,,,,,,,,,,,,,,,,,,,,,,,,,,,,,,,,,,,,,,,,,,,,,,,,,,,,,,,,,,,,,,,,,,3.0,,,,,,,,,,,,,,,,,,,,,,,,,,,,,,,,,,,,,,,,,,,,,,,,,,,,,,,,,,,,,,,,,,,,,,,,,,,,
VCT,17.0,12.0,,,,,,,,1.0,,4.0,,,3.0,,2.0,,6.0,,1.0,,,,,1.0,,,,20.0,,2.0,,,,,,,,,,,1.0,,,,,,,,,,,,,2.0,,,,1.0,,,,,3.0,,,,,,,,,,1.0,,,,,,,,,,,,,,,,,,,,,,,,,,,,,,,,,,,,,,,,,,,,,,,,,,,,,,,,,,,,,,,,,,,,,,,,,,,,,,,,,,,,,,,,,,,,,,,,,,,,,,,,,,,,,,,,,,,,,,,,,,,,,,,,,,,,,,,,,,,,,,
BOL,5.0,5.0,1.0,,,,,,,,2.0,2.0,3.0,,6.0,,,,2.0,,4.0,,,2.0,,,,,,,,,,,,,,,,,,,,,2.0,,5.0,,,,,,,,,,,,,,,,,,,,,,,,,,,,,,,,,,,,,,,,,,,,,,,,,,,,,,,,,,,,,,,,,,,,,,,,,,,,,,,,,,,,,,,,,,,,,,,,,,,,,,,,,,,,,,,,,,,,,,,,,,,,,,,,,,,,,,,,,,,,,,,,,,,,,,,,,,,,,,,,,,,,,,,,,,
ARM,34.0,30.0,9.0,,,4.0,3.0,3.0,,73.0,10.0,36.0,,,22.0,4.0,17.0,,3.0,18.0,49.0,1.0,,5.0,2.0,,,,,26.0,,,4.0,3.0,6.0,,2.0,,,,,2.0,,,3.0,,2.0,1.0,,7.0,,,,4.0,,1.0,,2.0,,,,,,,2.0,,,,,,,,,,,2.0,3.0,4.0,,6.0,,,,,,,,,,,4.0,,,,,,,3.0,,,,,,,,,,,,,,,,,,,2.0,,,,,,,2.0,,4.0,,,,,,,,,,,,,,,,,,,,,,,3.0,,,,,,,,,,,,,,,,,,4.0,,,,,,,,,,,,,,,2.0,,,,,,,,,,,,,,,,,,,,,,,,,,,,,,,,,,,
HUN,15.0,15.0,3.0,,1.0,3.0,6.0,,,14.0,4.0,18.0,,,3.0,4.0,8.0,3.0,8.0,2.0,15.0,,,1.0,,6.0,,,1.0,1.0,,,1.0,,2.0,,4.0,,,2.0,,,,,1.0,,17.0,,,,,1.0,,7.0,,,1.0,,,1.0,,,,,,,,,,10.0,,,,,,,,,,,,,,4.0,,,,,1.0,,2.0,,,,,3.0,,,,,,,,,,,,,,,1.0,,,,,,,,,,,,,6.0,,,,,,,,,2.0,,,,,,,,,,,,,,,,,,,,,,,,,,,,,,,,,,2.0,,,,,,,,,,,,2.0,,,,,,,,,,,,,,,,,,,,,,,,,,,,,,,,,,,,,,
ASA,2.0,2.0,,,2.0,,,5.0,,,,,,,,,,,,1.0,1.0,,,,,,,,,,,,,,,,,,,,,,,,1.0,,,,,,,,,,,,,,,1.0,1.0,,,,,,,,,,,,,,,,,,,,,,,,,,,,,,,,,,,,,,,,,,,,,,,,,,,,,,,,,,,,,,,,,,,,,,,,,,,,,,,,,,,,,,,,,,,,,,,,,,,,,,,,,,,,,,,,,,,,,,,,,,,,,,,,,,,,,,,,,,,,,,,,,,,,,,,,,,,,
SYC,7.0,7.0,1.0,,,1.0,,,,16.0,2.0,6.0,3.0,,12.0,,6.0,,,2.0,5.0,,,1.0,,,,,,6.0,,3.0,,,,,2.0,,,1.0,,,,,,,,,,4.0,,,,2.0,,2.0,,,,,2.0,,,,,1.0,,,,,,,,,,,,,,,1.0,,,,,,,,,,,2.0,,,,,,,,,,,,,,,,1.0,,,,,,,,,,,,,,,,14.0,,,,,,,,3.0,,,,,,,,,,,,,,,,,,,,,,,,,,,,,,,,,,,,,,,,,,,,,,,,,,,,,,,,,,,,,,,,,,,,,,,,,,,,,,,,,,,,,
SWZ,,,,,,,,1.0,,,,,,1.0,,,,,,,,,,,,,,,,,,,,,,,,,,,,,,,,,,,,,,,,,,,,,,,,,,,,,,,,,,,,,,,,,,,,,,,,,,,,,2.0,,,,,,,,,,,,,,,,,,,,,,,,,,,,,,,,,,,,,,,,,,,,,,,,,,,,,,,,,,,,,,,,,,,,,,,,,,,,,,,,,,,,,,,,,,,,,,,,,,,,,,,,,,,,,,,,,,,,,,,,,,,,,,
ATG,2.0,2.0,,,,,,,,4.0,2.0,7.0,,,,,2.0,,5.0,,1.0,,,2.0,,,,,,6.0,,,,,1.0,,,,,,,,1.0,,3.0,,1.0,,,,,,,,,2.0,,,,,,,,,,,,,,,,,,,,,,,,,,,,,,,,,,,,,,,,1.0,,,,,,,,,,,,,,,,,,,,,,,,,,,,,,,,,,,,,,,,,,,,,,,,,,,,,,,,,,,,,,,,,,,,,,,,,,,,,,,,,,,,,,,,,,,,,,,,,,,,,,,,,,,,,,,,,,,,,,,,,
MEA,1.0,1.0,,,,,,,,6.0,,1.0,,,,,,,,,3.0,,,2.0,,,,,,,,,,,,,,,,,,,,,,,,,,,,,,,,1.0,,,,,,,,,,,,,,,,,,,,,,,,,,,,,,,,,,,,,,,,,,,,,,,,,,,,,,,,,,,,,,,,,,,,,,,,,,,,,,,,,,,,,,,,,1.0,,,,,,,,,,,,,,,,,,,,,,,,,,,,,,,,,,,,,,,,,,,,,,,,,,,,,,,,,,,,,,,,,,,,,,,,
MHL,3.0,3.0,,,,,,,,,,,,,,,,,,,,,,,2.0,,,,,,,,,,,,,,,,,,,,,,,,,,,,,,,,,,,,,,,,,,,,,,,,,,,,,,,,,,,,,,,,,,,,,,,,,,,,,,,,,,,,,,,,,,,,,,,,,,,,,,,,,,,,,,,,,,,,,,,,,,,,,,,,,,,,,,,,,,,,,,,,,,,,,,,,,,,,,,,,,,,,,,,,,,,,,,,,,,,,,,,,,,,,,,,,
LTU,5.0,5.0,2.0,,,1.0,4.0,5.0,,32.0,1.0,9.0,,,,,2.0,,,,3.0,,,,2.0,,,,,,,3.0,,,,,1.0,,,,,,,,,6.0,2.0,,,4.0,,,,,,2.0,,,,,2.0,,,,,,,,,,,,,,,,,,,,,,,1.0,,,,,,,2.0,,,,,,,,,,,,,,,,,,,,,,,,,,,,,,,,,,,,,,,,,,,,,,,,,,,,,,,,,,,,,,,,,,,,,,,,,,,,,,,,,,,,,,,,,,,,,,,,,,,,,,,,,,,,,,,,,,,,,,,,,,,,,,
KGZ,8.0,8.0,,,3.0,,2.0,3.0,,5.0,,1.0,,,,2.0,8.0,,2.0,3.0,2.0,,,2.0,,3.0,,,,4.0,,,,1.0,,,1.0,,,,,,,,,,,,,8.0,,,,,,,,,,2.0,,,,,,,2.0,,,,,,,,,,,,,,,,,,,,,,,,,,,,,,,,,,,,,,,,1.0,,,,,,,,,,,,,,,,,,,,,,,,,,,,,,,,,,,,,,,,,,,,,,,,,,,,,,,,,,,,,,,,,,,,,,,,,,,,,,,,,,,,,,,,,,,,,,,,,,,,,,,,,,,,,,
LIE,,,,,,,,,,,,4.0,,,,4.0,,,,,,,,,,,,,,,,,,,,,,,,,,,,,,,,,,,,,,,,,,,,,,,,,,,,,,,,,,,,,,,,,,,,,,,,,,,,,,,,,,,,,,,,,,,,,,,,,,,,,,,,,,,,,,,,,,,,,,,,,,,,,,,,,,,,,,,,,,,,,,,,,,,,,,,,,,,,,,,,,,,,,,,,,,,,,,,,,,,,,,,,,,,,,,,,,,,,,,,,,
TJK,5.0,5.0,,,2.0,3.0,,,,26.0,,2.0,,,,2.0,1.0,,3.0,10.0,,,,,,,,,,,,,1.0,,,,,,,,,,,,,,,1.0,,8.0,,,,,,,,,,1.0,,,,,,,,,,,,,,,,,,,,2.0,,,,,,,,,,,,,,,,,,,,,,,,,,,,,,,,,,,,,,,,,,,,,,,,,,,,,,,,,,,,,,,,,,,,,,,,,,,,,,,,,,,,,,,,,,,,,,,,,,,,,,,,,,,,,,,,,,,,,,,,,,,,,,,,,,,,,,,,,
BLZ,2.0,2.0,1.0,,,,1.0,,,6.0,,2.0,,,5.0,,3.0,1.0,,,1.0,,,1.0,,,,,,2.0,,,1.0,,,,2.0,,,,,,,,,,1.0,,,,,,,,,,,,,1.0,,,,,,,,,,,,,,,,,,,,,,,,,,,,,,,5.0,,,,,,,,,,,,,,,,,,,,,,,,,,,,,,,,,,,,,,,,,,,,,,,,,,,,,,,,,,,,,,,,,,,,,,,,,,,,,,,,,,,,,,,,,,,,,,,,,,,,,,,,,,,,,,,,,,,,,,,,,,,,,,
CYM,2.0,3.0,,,,,,,,4.0,,3.0,,,,,,,,,4.0,,,,,,,,,1.0,,,,,,,,,,,,1.0,,,,,2.0,2.0,,,,,,,,,,,,,,,,,,,,,,,,,,,,,,,,,,,,,,,,,,,,,,,,,,,,,,,,,,,,,,,,,,,,,,,,,,,,,,,,,,,,,,,,,,,,,,,,,,,,,,,,,,,,,,,,,,,,,,,,,,,,,,,,,,,,,,,,,,,,,,,,,,,,,,,,,,,,,,,,,,,,,,,,,
KIR,2.0,2.0,1.0,,,,,,,,,3.0,,,,,,,,,3.0,,,,,,,,,,,2.0,,,,,,,,,,,,,,,10.0,,,,,,,,,,,,,,,,,,,,,,,,,,,,,,,,,,,,,,,,,,,,3.0,,,,,1.0,,,,,,,,,,,,,,,,,,,,,,,,,,,,,,,,,,,,,,,,,,,,,,,,,5.0,,,,,,,,,,,,,,,,,,,,,,,,,,,,,,,,,,,,,,,,,,,,,,,,,,,,,,,,,,,,,,,,,,,,,,,,
BRB,4.0,3.0,,,,,,1.0,,7.0,,2.0,1.0,,7.0,,1.0,,1.0,,3.0,,,,,,,,1.0,2.0,,,,,,,1.0,,,,,,,,,,,,,,,1.0,,7.0,,,,,,2.0,,,,,,,,,,,1.0,,,,,,,,,,,,,,,,,,,,,,,,,,,,,,,,,,,,,,,,,,,,,,,,,,,,,,,,,,,,,,,,,,,,,,,,,,,,,,,,,,,,,,,,,,,,,,,,,,,,,,,,,,,,,,,,,,,,,,,,,,,,,,,,,,,,,,,,,,,,,,,,,,
GNQ,,,,,,,1.0,,,,2.0,2.0,,,,,1.0,,,,,,,,,,,,,,,1.0,1.0,,,,,,,,,,,,,,,,,,,,,,1.0,,,,,,,,,,,,,,,,,,,,,,,,,,,,,,,,,,,,,,,,,,,,,,,,,,,,,,,,,,,,,,,,,,,,,,,,,,,,,,,,,,,,,,,,,,,,,,,,,,,,,,,,,,,,,,,,,,,,,,,,,,,,,,,,,,,,,,,,,,,,,,,,,,,,,,,,,,,,,,,,,,
EST,5.0,6.0,2.0,2.0,,3.0,,,,28.0,2.0,12.0,,,2.0,2.0,9.0,,9.0,3.0,2.0,,,,2.0,,,,,,,,,1.0,,,,,,3.0,,,,6.0,1.0,,,,,7.0,,,,,,2.0,,1.0,,1.0,,,,,1.0,,1.0,,,,,,,,,,,,,,,,,,,,,,,,,,,,,,,,,,1.0,,,,,,,,,,,,,,,,,,,,,,,8.0,,,,,,,,,,,,,,,,,,,,,,,,,,,,,,,,,,,,,,,,,,,,,,,,,,,,,,,,,,,,,,,,,,,,,,,,,,,,,,,,,,,,,,,,,,,,,
LVA,5.0,5.0,,,2.0,,,,,24.0,,,,,,,2.0,,3.0,2.0,3.0,,,,2.0,,,,,2.0,,,,6.0,,,18.0,,,,,,,,1.0,,3.0,,,,,,,,,,,,,3.0,,,,,,,,,,,,,,,1.0,,,,,,,,,2.0,,,,,,,,,,,,,,,,,,,,,,,,,,,,,,,,,,,,,,,,,,,,,,,,,,,,,,,,,,,,,,,,,,,,,,,,,,1.0,,,,,,,,,,,,,,,,,,,,,,,,,,,,,,,,,,,,,,,,,,,,,,,,,,,,,,,,,,,
FSM,4.0,4.0,,,,,2.0,,,6.0,,,,,,,,,,,3.0,,,,1.0,,,,,,,1.0,,,,,,,,,,,,,,,,,,,,,,,,,,,,,,,,,,,,,,,,,,,,,,,,,,,,,,,,,,,,,,,,4.0,,,,,,,,,,,,,,,,,,,,,,,,,,,,,,,,,,,,,,,,,,,,,,,,,,,,,,,,,,,,,,,,,,,,,,,,,,,,,,,,,,,,,,,,,,,,,,,,,,,,,,,,,,,,,,,,,,,,,,,,,
BTN,2.0,2.0,,1.0,,,,,,2.0,,4.0,,,2.0,,2.0,,,,1.0,,,,1.0,,,,,7.0,,1.0,,,,,,,,,,,,,2.0,,,,,,,,,,,,,,,,,,,,,,,,,,,,,,,,,,,,,,,,,,,,,,,,,,,,,,,,,,,,,,,,,,,,,,,,,,,,,,,,,,,,,,,,,,,,,,,,,,,,,,,,,,,,,,,,,,,,,,,,,,,,,,,,,,,,,,,,,,,,,,,,,,,,,,,,,,,,,,,,,,,,,,,,,,,,
VAT,6.0,5.0,3.0,,,,,3.0,,3.0,1.0,22.0,4.0,,,3.0,9.0,5.0,1.0,,16.0,,,2.0,3.0,,,,,8.0,,,,2.0,,,,1.0,1.0,,,2.0,,,,,,,,2.0,,,,,,1.0,,,,1.0,,,,,,,2.0,,,,,,,,,,,,,,,,,,,,,,,,,,,,,,,,,,,,,,,,,,,,,,,,,,,,,,,,,,,,,,,,,,,,,,,,,,,,,,,,,,,,,,,,,,,,,,,,,,,,,,,,,,,,,,,,,,,,,,,,,,,,,,,,,,,,,,,,,,,,,,,,,,,,,,
LSO,3.0,3.0,,,,,,,,,,2.0,,,,,,,,,1.0,,,,,,,,,4.0,,2.0,1.0,,3.0,,4.0,,,,,,,,,,,,,,,,,,,,,,,,,,,,,,,,,,,,,,,,,,,,,,,,,,,,,,,,,,,,,,,,,,,,,,,,,,,,,,,,,,,1.0,,,,,,,,,,,,,,,,,,,,,,,,,,,,,,,,,,,,,,,,,,,,,,,,,,,,,,,,,,,,,,,,,,,,,,,,,,,,,,,,,,,,,,,,,,,,,,,,,
MDA,6.0,6.0,,,,,,,,,,1.0,1.0,,,,3.0,,,,4.0,,,,,,,,,2.0,,,,,,,,,,,,,,,1.0,,,,,1.0,,,,,,,,,,,,,,,,,,,,,,,,,,,,,,,,,,,,,,,,,,,,,,,,,,,,,,,,,,,,,,,,,,,,,,,,,,,,,,,,,,,,,,,,,,,,,,,,,,,,,,,,,,,,,,,,,,,,,,,,,,,,,,,,,,,,,,,,,,,,,,,,,,,,,,,,,,,,,,,,,,,,,,,
TMP,,,,,,,,,,,,1.0,,,,,1.0,,,,,,,,,,,,,,,,,,,,,,,,,,,,,,,,,,,,,,,,,,,,,,,,,,,,,,,,,,,,,,,,,,,,,,,,,,,,,,,,,,,,,,,,,,,,,,,,,,,,,,,,,,,,,,,,,,,,,,,,,,,,,,,,,,,,,,,,,,,,,,,,,,,,,,,,,,,,,,,,,,,,,,,,,,,,,,,,,,,,,,,,,,,,,,,,,,,,,,,,
BMU,7.0,7.0,1.0,,,,,,,1.0,,8.0,,,2.0,,1.0,,,1.0,10.0,,,,,,,,,8.0,,,1.0,,,,,,,,,,,,1.0,,1.0,,,2.0,,,,10.0,,2.0,,,,,,,,,,,,,,,,,,,,,,,,,,,,,,,,,,,,,,,,,,,,,,,1.0,,,,,,,,,,,,,,,,,,,,,,,,,,,,,,,,,,,,,,,,,,,,,,,,,,,,,,,,,,,,,,,,,,,,,,,,,,,,,,,,,,,,,,,,,,,,,,,,,,,,,,,,,,,,,,,,,,
CAS,,,,,,,,,,1.0,,1.0,,,2.0,,,,,,,,,,,,,,,2.0,,,,,,,,,,,,,,,,,,,,,,,,,,,,,,,,,,,,,,,,,,,,,,,,,,,,,,,,,,,,,,,,,,,,,,,,,,,,,,,,,,,,,,,,,,,,,,,,,,,,,,,,,,,,,,,,,,,,,,,,,,,,,,,,,,,,,,,,,,,,,,,,,,,,,,,,,,,,,,,,,,,,,,,,,,,,,,,,,,,,,,,,,,,
CRB,2.0,1.0,,,,3.0,,,,,,3.0,,,,,,,2.0,,,,,,,,,,,3.0,,,,,,,,,,,,,,,,,8.0,,,,,,,,,,,,,,,,,,,,,,,,,,,,,,,,,,,,,,,,,,,,,,,,,,,,,,,,,,,,,,,,,,,,,,,,,,,,,,,,,,,,,,,,,,,,,,,,,,,,,,,,,,,,,,,,,,,,,,,,,,,,,,,,,,,,,,,,,,,,,,,,,,,,,,,,,,,,,,,,,,,,,,,,,,
MRT,4.0,4.0,2.0,,,,,,,10.0,,8.0,6.0,,4.0,3.0,,,,1.0,4.0,,,4.0,,,,,,,,,,,,,1.0,,,8.0,,,,,,,,,,2.0,,,,,,,,,,1.0,,,,,,,,,,,,,,,,,,,,,,,,4.0,,,,,,,,,,,,,,,,,,,,,,,,,,,,,,,,,,,,,,,,,,,,,,,,,,,,,,,,,,,,,,,,,,,,,,,,,,,,,,,,,,,,,,,,,,,,,,,,,,,,,,,,,,,,,,,,,,,,,,,,,,,,,,,,,,,,,
WSM,,,4.0,,,,,,,,,,,,,,,,1.0,,1.0,,,,,,,,,,,,,,,,,,,,,,1.0,,,,,,,,,,,,,,,,,,,,,,,,,,,,,,,,,,,,,,,,,,,,,,,,,,,,,,,,,,,,,,,,,,,,,,,,,,,,,,,,,,,,,,,,,,,,,,,,,,,,,,,,,,,,,,,,,,,,,,,,,,,,,,,,,,,,,,,,,,,,,,,,,,,,,,,,,,,,,,,,,,,,,,,,,,,,,,
BDI,5.0,5.0,,,,,,,,,,3.0,,,,,,,4.0,,,,,2.0,,,,,,,,,5.0,,,,2.0,,,,,,,,,,6.0,,,,,,,,,,,1.0,,,,,,,,,,,,,,,,,,,3.0,,,,,,,,,,,,,1.0,,,,,,,,,,,,,,,,,,,,,,,,,,,,,,,,,,,,,,,,,,,,,,,,,,,,,,,,,,,,,,,,,,,,,,,,,,,,,,,,,,,,,,,,,,,,,,,,,,,,,,,,,,,,,,,,,,,,,,,,,,,,,,,
CPV,,,,,,,,,,,,,,,,,,,,,,,,,,,,,,5.0,,,,,,,,,,,,,,,,,,,,,,,,,,,,,,,,,,,,,,,,,,,,,,,,,,,,,,,,,,,,,,,,,,,,,,,,,,,,,,,,,,,,,,,,,,,,,,,,,,,,,,,,,,,,,,,,,,,,,,,,,,,,,,,,,,,,,,,,,,,,,,,,,,,,,,,,,,,,,,,,,,,,,,,,,,,,,,,,,,,,,,,,,,,
GNB,,,,,,,,,,,,,,,,,,,,,1.0,,,,,,,,,,,,,,1.0,,,,,,,,,,,,,,,,,,,,,,,,,,,,,,,,,,,,,,,,,,,,,,,,,,,,,,,,,,,,,,,,,,,,,,,,,,,,,,,,,,,,,,,,,,,,,,,,,,,,,,,,,,,,,,,,,,,,,,,,,,,,,,,,,,,,,,,,,,,,,,,,,,,,,,,,,,,,,,,,,,,,,,,,,,,,,,,,,,,,,,
DMA,,,,,1.0,,,4.0,,,,2.0,,,,,,,,,2.0,,,,,,,,,1.0,,,,,,,,,,,,,,,,,,,,,,,,,,2.0,,,,,,,,,,,,,,,,,,,,,,,,,,,,,,,,,,,,,,,,,,,,,,,,,,,,,,,,,,,,,,,,,,,,,,,,,,,,,,,,,,,,,,,,,,,,,,,,,,,,,,,,,,,,,,,,,,,,,,,,,,,,,,,,,,,,,,,,,,,,,,,,,,,,,,,,,,,,,,,,,
MAC,2.0,1.0,,,,,,,,,,,,,10.0,,,,,,,,,,,,,,,,,,,,,,,,,,,,,,,,,,,,,,,,,,,,,,,,,,,,,,,,,,,,,,,,,,,,,,,,,,,,,,,,,,,,,,,,,,,,,,,,,,,,,,,,,,,,,,,,,,,,,,,,,,,,,,,,,,,,,,,,,,,,,,,,,,,,,,,,,,,,,,,,,,,,,,,,,,,,,,,,,,,,,,,,,,,,,,,,,,,,,,,,,,
TGO,6.0,5.0,,,,,,,,,,2.0,,,,,,,,,1.0,,,,,,,,,,,,,,,,,,,,,,,,,,,,,,,,,,,,,,,,,,,,,,,,,,,,,,,,,,,,,,,,,,,,,,,,,,,,,,,,,,,,,,,,,,,,,,,,,,,,,,,,,,,,,,,,,,,,,,,,,,,,,,,,,,,,,,,,,,,,,,,,,,,,,,,,,,,,,,,,,,,,,,,,,,,,,,,,,,,,,,,,,,,,,,,,,,,,
SAM,,,1.0,,,,,,,,,,,,,,,,,,,,,,,,,,,,,,,,,,,,,,,,,,,,,,,,,,,,,,,,,,,,,,,,,,,,,,,,,,,,,,,,,,,,,,,,,,,,,,,,,,,,,,,,,,,,,,,,,,,,,,,,,,,,,,,,,,,,,,,,,,,,,,,,,,,,,,,,,,,,,,,,,,,,,,,,,,,,,,,,,,,,,,,,,,,,,,,,,,,,,,,,,,,,,,,,,,,,,,
PLW,2.0,2.0,,,,,,,,,,,,,,,,,,,,,,,,,,,,,,3.0,,,,,,,,,,,,,,,,,,,,,,,,,,,,,,,,,,,,,,,,,,,,,,,,,,,,,,,,,,,,,,,,,,,,,,,,,,,,,,,,,,,,,,,,,,,,,,,,,,,,,,,,,,,,,,,,,,,,,,,,,,,,,,,,,,,,,,,,,,,,,,,,,,,,,,,,,,,,,,,,,,,,,,,,,,,,,,,,,,,,,,,,,
SHN,,,,,,,,,,,,,,,,,,,,,3.0,,,,,,,,,,,,,,,,,,,,,,,,,,,,,,,,,,,,,,,,,,,,,,,,,,,,,,,,,,,,,,,,,,,,,,,,,,,,,,,,,,,,,,,,,,,,,,,,,,,,,,,,,,,,,,,,,,,,,,,,,,,,,,,,,,,,,,,,,,,,,,,,,,,,,,,,,,,,,,,,,,,,,,,,,,,,,,,,,,,,,,,,,,,,,,,,,,,,
AIA,6.0,5.0,2.0,,,,,,,4.0,,3.0,,,2.0,,3.0,,1.0,1.0,5.0,3.0,,,,,,,,1.0,,,,,,,,,,,,,,,,,,,,,,,,,,1.0,,,,,,,,,,,,,,,,,,,,,,,,,,,,,,,,,,,,,,,,,,,,,,,,,,,,,,,,,,,,,,,,,,,,,,,,,,,,,,,,,,,,,,,,,,,,,,,,,,,,,,,,,,,,,,,,,,,,,,,,,,,,,,,,,,,,,,,,,,,,,,,,,,,,,,,,,,,,,,,,,
GEO,,,,,,,,,,,3.0,,,,,,,,,,,,,,,,,,,,,,,,,,,,,,,,,,,,,,,,,,,,,,,,,,,,,,,,,,,,,,,,,,,,,,,,,,,,,,,,,,,,,,,,,,,,,,,,,,,,,,,,,,,,,,,,,,,,,,,,,,,,,,,,,,,,,,,,,,,,,,,,,,,,,,,,,,,,,,,,,,,,,,,,,,,,,,,,,,,,,,,,,,,,,,,,,,,,,,,,,,,,,,
STP,,,,,,,,,,,,,,,,,,,,,,,,,,,,,,2.0,,,,,,,,,,,,,,,,,,,,,,,,,,,,,,,,,,,,,,,,,,,,,,,,,,,,,,,,,,,,,,,,,,,,,,,,,,,,,,,,,,,,,,,,,,,,,,,,,,,,,,,,,,,,,,,,,,,,,,,,,,,,,,,,,,,,,,,,,,,,,,,,,,,,,,,,,,,,,,,,,,,,,,,,,,,,,,,,,,,,,,,,,,,
COM,1.0,1.0,,,,,,,,,,,2.0,,2.0,,,,,,,,,,,2.0,,,,,,2.0,,,,,,,,,,,,,,,,,,,,,,,,,,,,,,,,,,,,,,,,,,,,,,,,,,,,,,,,,,,,,,,,,,,,,,,,,,,,,,,,,,,,,,,,,,,,,,,,,,,,,,,,,,,,,,,,,,,,,,,,,,,,,,,,,,,,,,,,,,,,,,,,,,,,,,,,,,,,,,,,,,,,,,,,,,,,,,,,,,,,,,,,,
EAF,,,,,,1.0,,,,,,,,,,,,,,,,,,,,,,,,,,,,,,,,,,,,,,,,,,,,,,,,,,,,,,,,,,,,,,,,,,,,,,,,,,,,,,,,,,,,,,,,,,,,,,,,,,,,,,,,,,,,,,,,,,,,,,,,,,,,,,,,,,,,,,,,,,,,,,,,,,,,,,,,,,,,,,,,,,,,,,,,,,,,,,,,,,,,,,,,,,,,,,,,,,,,,,,,,,,,,,,,,,,
